名字,邮件地址,电话
四川新力光源有限公司,82303456@163.com ,028 87838189  028 87826661
成都今天化工有限公司,jt-zhanghong@163.com,028 87077741
锦江睿奇科贸服装店,service@texsources.com,028 86659557
四川想真企业有限公司 ,info@touki.cn,028 82762268
成都印钞公司,qbsinfo@sohu.com?,028 82756327
成都科创电子有限公司,lyjhys@126.com,028-85155398
昂特电子元件经营部,,028 68319736 028 66803571
成都兴奥邦服饰有限公司168,ifaxing.cn@gmail.com,028-87429893 028-87428853
上海拓菲电子元件有限公司,webmaster@cp315.com,028-87357696
成都邓佳贸易有限公司电器部,DLKFQ@263.net,028 85040085 028 85435692?
西安市西无二电子信息集团有限公司驻成都办事处,,028-89898989 028-89898989
小龙人二手儿童用品有限公司,kse_315@126.com ,028-81947642?
刘剑龙（个体经营）,ggb@shaanxi.cn ,028-85995707
成都坷路科技实业有限公司西门子电机销售部,,028-85225003 028-85233963?
扬利德光电有限公司,,028-85789019
成都市醒目电子经营部,Kqchendu@mail.sc.cninfo.net,028 80617673 028 82835679
四川半球科技有限责任公司业务部?,magangchao@163.com,028-65685558 028-86135013
成都成量工具集团有限公司机械装备厂,,028 83059589 028 83059588
博克科技有限公司?,manager@tylb.cn,13550254765?
成都卓立电子有限公司,zhaoxm@51report.com,
成都信利达光电仪器有限公司,sales@xuri-sh.com ,
深圳市广联威科技有限公司（成都办事处）,,028 87539738
成都市格虹电子科技有限公司,cdghdz@foxmail.com,028-85157680 028-028-85160926
四川鲍尔科技公司,asklight@gmail.com,028-87073426 028-87070966?
成都耀能科技发展有限公司,,028-84318821 028-84300810
成都百斯特电子原件厂,,028-8394339
成都万星高科技有限公司,,028-85456020 028-85434262
成都威尔森科技发展有限责任公司,veersun@veersun.com,028-66468948/66468949/66468951
大唐电业,info@cpcec.com,0311-72548888?
鼎网电子科技有限公司,px-tianjin@hotmail.com,
成都东方易事特科技有限公司(市场部),medfda@163.com,028 85565785 028 85565785
成都市恩瑟尔科技有限公司,,028-85222122
成都坷路科技实业有限公司,cdkolu@163.com,028-85243957 028-85233963
四川光恒通信技术有限公司,marketing@cnsunstar.com,028 87507888-8828 028 87519870
成都国正电子有限责任公司,cdgz@e-guozheng.com ,028 66777736 028 66777717
西昌富万利食品有限公司,center@scnjw.gov.cn ,028 82957256 028 87381663
成都市天府石墨坩埚有限公司,service@uyour.com,028 85020213 028 85032013
四川祥和涂料有限公司,master@jiaomai.com,028 85177430 028 85193596
四川金网通电子科技有限公司,dvb_m@scjwt.com ,028 66315090 028 66315094
四川茂文贸易集团有限责任公司,kefu1@chb2b.net,028 83693517 028 83693517
四川威克力纺织制品有限公司,info@cnfashion.net,028 84397826 028 84397926
四川省海鑫实业有限责任公司,net@cheminfo.gov.cn,028 68099858/68099826/68690296 028 68099870
成都市武侯区泰利家具厂,,028 68596149 028 68596149
中蓝晨光化工研究院有限公司,cgrici@hotmail.com,
成都君竹经络美容技术服务有限公司,,028 80334518
成都国海汽车电器有限公司,master@jiaomai.com,028 66462855/66462853 028 85366725
四川华盛迅捷机电科技发展有限公司,,028 87062303 028 87062302?
四川省崇州市恒达电子厂,czsp@swww.com.cn ,028 82250306/82250666 028 82250309
四川富地贸易有限责任公司,fukuji@163.com,028 81198116
成都卓筒井工贸有限公司,cdztj@live.cn,?028 85134965 028 85134926?
成都天艺新商贸有限责任公司,252881757@qq.com,028 87633753 028 87621075
成都东方人健康产业有限责任公司,hwb@dongfangren.com,028 87785855 028 87785857
四川天翔机电设备有限责任公司,winny@swt-sfly.com,028 87078905 028 87078907?
成都亨通门控科技有限公司,ht@hengtongtec.com,028 82206940 028 82275626?
成都兴邦地板有限公司,xuyuanjun126@126.com,028 86962783 028 86962725?
成都市三极机械有限公司,56@56products.com,028 85029192 028 85024191
成都亚先晶泰新材料有限公司,protek@pro-tek.cn,028 85483173 028 85483171
成都奥能知科技有限公司,yp@jiaoyitong.com ,028 85121581 028 85223962
四川省丝绸进出口集团有限公司,Dingli-law@Dingli-law.com,028 86754856
成都枫澜科技有限公司,xinxi365@126.com ,028 66700789
成都市维尔波纹管有限责任公司,tzjx5585138@163.com,028 87625757 028 87680588
成都宏大实业有限责任公司,dosio9@163.com,028 83971885-1033 028 83974098?
成都维视信科技有限公司,aylic@163.com,028-68326005
成都天和吸塑包装有限公司,chengyaohr@163.com,028 87794455
四川省建能电力设计有限公司,sc-jn@126.com,028-86762261
成都市奥浦电气有限公司销售部,,028 89923799 028 89923799
成都苏富科技有限公司,shiteng588@163.com,?028-85082335 028-85082335
成都运腾电子有限公司,71096@71096.com,028 80687071 028 83225398
成都市莱克电子有限公司,1718@861718.com ,028 83271252 028 83255411
1718@861718.com it114@mx.cei.gov.cn,glxie@zju.edu.cn ,028 65997166 028 84813375
成都蓉胜照明灯饰有限公司,cdrsdj@yahoo.com.cn,028 028-83082358/83082902 028 83092388/83082358
成都索雨汽车电子科技有限公司,,028 81963456 028 85051113
四川科维实业有限责任公司,suihunbin@163.com,028 86088181-8868
成都市兴富达金属铸件厂,asklight@gmail.com,028 85013245 028 85013245
成都稳健电子有限公司,cninfo-zh@263.net,028 83227339
四川共生照明电器有限公司,cninfo-zh@263.net ,028 87636506
双流明科电光源厂,info@jdme.net,028 85360169
四川航天拓鑫玄武岩实业有限公司,txrczp@163.com ,028 84874487
四川普特电子科技有限公司,tdjcjx@163.com ,028 68065856?
成都晨光鼎尖电子配件厂,sushigeng@126.com,028 85690519 028 85690269
成都盛丰塑胶制品有限公司,webmaster@hrm.cn,028 85730168?
成都麟鑫科技有限责任公司,likj59@126.com,028 81762095
成都唯一包装制品有限公司,314069196@qq.com,028 85876215
成都美斯特科技有限公司,mst819@126.com,028 85087992
成都市四叶草光电科技有限公司?,siyecao@21.cn,028 85092208
成都尚美联信科技有限公司,gaofei7612022000@yahoo.com.cn,028 84738458?
四川汇能科技环保有限公司,Cleanwater96@163.com,028 89849881
成都鑫三环实业有限公司,13688153946@vip.sina.com,028 87692013 028 82840066
成都安信实业有限责任公司,office@zhongc.com ,028 83958200 028 83958086
成都兴东方电工材料研究有限公司,,028 87695467/89042178 028 87696719?
成都西瑞贸易有限公司,xinfenghu@vip.163.com,028 13982097451 028 85420293
成都市兴康利商贸有限公司,6shaoq@163.com,028 83668881 028 83668881
四川泰立科技有限公司,TELECAST@163.com,028 85583472 028 85583717
成都国光电气股份有限公司,1718@861718.com,028 84290669 028 84290169
成都汇通西电电子有限公司,dz0534110@126.com,"028 87980483,87980490,87980480"
成都市华电鹏达电器厂,,?028 87506852 028 87594508
成都晶峰电子有限公司,dz0534110@126.com,028 87562358
成都市伟杰塑胶有限责任公司,npwjw@126.com,028 66695068?
成都晨光思达科技有限公司,Webmaster@acafa.com,?028 85543150?
金牛区圣源无纺布加工厂,,028 83582872?
成都联邦聚合物有限公司,yang@chinaadhesive2000.com ,
成都旭光光电技术有限责任公司,xug@e-xuguang.com ,028 83950962
成都宏晶微电路集成技术有限公司,,028 85365279?
成都星华冠机电有限公司,cdxh258@sohu.com,?028 84712377
成都蜀山实业有限公司,hc686868@163.com,028 87486169
成都华一炉业有限公司,,028 85738073
成都风雅电缆制造有限公司,pjxxb@163.com,028 88522999-8258
成都春之晖科技有限公司,food800@126.com,028 86122608
成都玛雅饰品有限责任公司,info@cnfashion.net ,028 87486158
成都市金牛区春华展示器材销售部,bjwhp@163.com,028 86877936
四川省兴龙电子科技有限公司,,028 83220879
成都蓝图纸品有限责任公司,it114@mx.cei.gov.cn,
成都市武侯区万花筒数码经营部,chinapqs@163.com,028 85229524
成都威斯特邦贸易有限公司,web@zx185.com,028 85056609
成都西部牛牛广告展览有限公司,bjwhp@163.com,028 89554433
四川沐阳进出口有限公司,fubao@f139.com,
成都哈雷光电科技有限公司,yilishabai-_fanj@163.com,028 87601738
成都华程信息技术有限公司,hello@re-er.com.cn,028 85336776
成都兴食商贸有限公司,,028 87032049
成都市柏斯特电子有限公司,chinacctv1983@china-cctv.cn,028 83399177
成都威而信实业有限公司,chf7210@163.com,028 86087978
金牛区鑫龙气模厂?,dxs@xlqimo.com,028 83421547
成都影响婚礼策划有限公司,,028 66616222
成都古今钱币收藏品有限公司,35@8635.com,028 85565216
武侯区博闻商务信息服务部,,028 62837588?
四川锦宏金属制品有限公司,600139sh@sina.com,?028 83506063
成都南特数码有限责任公司,chvac@sina.com ,028 85440481
成都晨光亚克力塑胶有限公司,chengtai168@sina.com,028 13880123888
成都市金牛区岁岁红灯笼制作厂,,028 13808068749
金牛区广成皮具加工厂,,028 87513968
成都诺尔信科技有限公司,,028 85217776?
成都市金牛区鑫荣三鹰音响器材经营部,,028 86470003?
成都迪格展览展示有限公司,serv@tjkx.com,
潮安县金帅苹果广告设计有限公司成都分公司,serv@tjkx.com ,028 86136875
邓贞六(个体经营),,028 83116125
成都市豪派橱柜有限公司,haopai698@163.com,028 89571546
成都淳璐通讯科技有限公司?,zhuguanyu01@vip.sina.com,028 85160916
四川越琪科技有限公司,yueqi028@126.com,028 86475060
成都泰立康工控技术有限公司,anxin@hardwaretoday.com,028 85178687
四川省新都头盔厂,gsfzb@gsfzb.gov.cn,028 83940054
成都博迪中科电子有限公司,zhouda2008@126.com,028 81976850
成都元和工程材料有限公司,yalin1997@scfb.com.cn,028 81354462
成都伟洪电子科技有限公司,dpm@whong.cn,028 85161096
成都莱斯实业有限公司,office@zhongc.com,028 89909106
四川安晟科技有限公司,scb@tpmsansa.com,028 66259330
成都威斯特雷电防护技术有限公司,licheng8848@126.com ,028 85222243
金牛区贵祥门窗厂,181888@gmail.com,028 83572989
成都市先锋考勤机有限公司,xfkq@cd-xfkq.com,028 85445109
成都高登智能系统有限公司,fqcx2008@163.com,028 84390228
成都安特力边坡防护有限公司,cta@cta.org.cn,028 86315181
四川佳家宁科技有限责任公司,scjjn2003@163.com,028 89825003
成都森博门业有限公司,senbo_veron@163.com,
成都安可信电子有限公司,zfj@action98.com,028 85874114
成都市情谊劳保制品有限公司,root@xsp2.com,028 87628466
成都利邦科技有限公司,6688@163.com ,028 85353915
成都特莱特工程有限公司?,cta@cta.org.cn,028 83250053
成都亨博门业有限公司,181888@gmail.com,028 83079956
四川为民科技有限公司,web@zx185.com,028 66052882
四川鹏天科技发展有限公司,www.stzzzq@21cn.com,028 87383834
成都兴四新商贸有限公司,,028 87670297
金牛区鑫天立劳保用品商店,webmaster@zgdzsww.cn,
四川璐毅围栏工程有限公司?,sales@scluyi.com,028 66625908?
上海宏府实业有限公司?,services@hongfu.cn ,028 85171098
成都市武侯区汇泉川消厨业设备厂,,028 87440182
四川华法美实业有限责任公司,food800@126.com,028 86181366
成都市诚德物资有限公司,xfjykj@163.com,028 83420511
成都发动机(集团)有限公司航空发动机分公司,,028 89357105
成都东航塑胶有限公司,zkd@cddhg.com,028 88431999
四川九洋纸制品有限公司,,028 84795817
成都市金橙包装制造有限公司,471981220@qq.com,028 82410526
成都鹏祥工贸有限公司,,028 89823358
四川蜀玻(集团)有限责任公司,shubo@scshubo.com,028 82214409
成都卓韵包装材料有限责任公司,,028 83116056
双流县富泉木制品加工厂,webmaster@hxb56.com,028 85657155
四川新华光印码机械设备有限公司,scxhgymjxsbyxgs@3158.com,028 87690189
成都康隆鑫塑业有限责任公司,klx@klxfilm.com,028 85597261-812
成都通相印刷包装有限公司,txysbz@163.com,028 87078807
成都蓝灵塑料制品有限责任公司,,028 13540005135?
成都市汇一实业有限公司,bgs@cdwenjiang.cn,028 84380190
四川省宜宾环球集团有限公司,serv@tjkx.com,028 84645435
成都市雅博塑料包装有限公司,corrine.yu@yahoo.com ,028 83948058
新都区木兰镇新鑫塑料制品厂,yuchangyou@163.com,
四川省长宁县佳美玻璃制品有限公司,it114@mx.cei.gov.cn,
四川嘉瑞钢结构工程有限公司,info@scjr.net,028 83135751
成都市松声科技发展有限公司,yp@jiaoyitong.com,028 86081280
成都沈氏行琛科技有限公司,sxwsxw@sence.com.cn ,028 86657370
四川三志科技有限公司,siliaonet@126.com,028 85453380
四川时运成套仪器有限公司,888sy163@sina.com ,028 86632850
成都联禾化工医药有限责任公司,cuicr99@126.com ,028 /85141153/
深圳智泰精密仪器有限公司,qianyan.biz@hotmail.com ,028 81700625
成都亿度科技有限公司,gps_8844@126.com,028 85217887
成都洪正光学有限公司,xsj03h302@163.com,028 87975664
成都市青羊区新立通信器材经营部,,028 86517785
成都鼎创光电设备有限公司?,dcoee@dcoee.com,?028 81522551
成都艾森电子有限责任公司,pjxxb@163.com,028 88166338
成都宇诚通科技贸易有限公司,,028 88846588
四川都江家具有限公司,webmaster@sczfcg.com,028 87267822
成都凌凯软件科技有限公司,linkaidx2007@163.com,028 68223866
成都易科士信息产业有限公司,server@d3721.com,028 87624455
成都法宝玻璃钢铁件加工制品经营部,fabao168@sina.com,028 87813604?
成都鑫长信贸易有限公司,wxm19992001@yahoo.com.cn,028 86756500?
成都盛世英豪文化传播有限公司,cdssyh@yahoo.cn,028 85089093
成都三箭体育器材有限公司,webmaster@sczfcg.com,028 83138995?
成都福瑞斯特科技发展有限公司,food800@126.com,028 66695481
成都市荣成压滤机设备厂,scrcylj@sina.com,028 86476906
成都金宝马数码技术有限公司,service@china-china.cn,028 89091234
成都市兴达纸业制品有限责任公司,hr@hotelhr.cn,028 87489268?
成都市豪盛华达纸业有限公司,wei_liu_hn@hotmail.com,028 87805188
四川赛恩诺精细化学品有限责任公司,cathy@highlightchem.com,028 85251605
新都区韩尚印彩艺术贴花厂,junehe72@sohu.com,028 83069398
成都市新都区典艺转写纸厂,,028 83932261
成都市金碧纸业有限公司,Wohing@ywohing.com ,028 89628018
成都青山纸业有限责任公司,csnews@cs.com.cn,028 85918121
成都市彩艺印刷有限公司,taozi72@126.com,028 85911610
成都市健之素包装制品有限公司,nbzhushan@163.com,028 87482142
成都众一科技有限公司,bioss@bioss.com.cn,028 87579675-802
成都诚志纸制品实业有限公司,engle2002@eyou.com,028 87074932
成都金香城纸业有限公司,cdjxczy@263.net,028 83989138?
成都安洁儿商贸有限责任公司,angl@angl.cn ,028 85606080
成都龙邦新材料有限公司,longpont@longpont.cn,028 84847610
四川省崇州市德泰实业有限公司,sczjsh@sczjsh.com,028 68101878
成都安舒实业有限公司,export@cdanshu.com,028 87492419
成都凯亚美机械制造有限公司,luoyunjian2006@126.com,028 85730117
成都市诗瑞祥商贸有限公司,info@cnsp.cn,028 84378900
成都市金利源科技有限公司,office@zhongc.com,028 89869311
成都添彩电子设备有限公司,,028 83247518
成都鑫长信贸易有限公司,wxm19992001@yahoo.com.cn ,028 86756500
成都市蓝波达精细化工有限公司,customer@chinajsjgy.com ,028 66715283
成都市科光金刚石工磨具有限公司,,028 88055466
成都埃森普特焊接设备有限责任公司,,028 85316600
成都市天源粉末冶金工具有限责任公司,fr@126.com fr@126.com,028 82666690
四川省钢锉厂?,xc502@163.com ,028 89084787
成都戴梦迪超硬工具有限责任公司,,028 87075862
四川华川工业有限公司,zhengmeigang@hotlmail.com,028 84611925?
成都中超碳素科技有限公司,sysadmin@cncarbon.com,028 83515488?
四川豪锐木业刀具有限责任公司,,028 85032799
成都三江起重机制造有限公司,sale@sjqz.cn web@59dg.com,028 84921099
成都市红樱食品机械制造有限公司,168# zhangliying@hongying.com.cn,028 85868205?
成都午马传动设备有限公司,,028 89588528
成都邦普合金材料有限公司,cdbpcarbide@163.com,028 66337582
成都惠灵丰特种工程有限责任公司,wanghua1234567890@yahoo.com.cn,028 83920891
成都市金牛区华安达高中频设备厂,xfjykj@163.com,028 88027344
成都焊威焊接设备制造有限公司,china@huanqiucaigou.com,023 023-86629040
成都锋宜精密工具制造有限公司,,028 84723613
成都北液液压元件销售有限公司,Server@dianli365.com,028 83285668
四川省新德机械有限公司?,office@center-machine.com,028 85871536
浙江变速电机有限公司成都分公司,zkhxf@163.com,028 87697278
郫县震华温控设备厂?,wq_xsl@163.com ,028 87807098
成都天道化工技术有限公司,ozd9ru8t9@126.cm,028 84622166
成都思立可科技有限公司?,qqcw2006@126.com,028 84332845
金牛区欣飞龙日用品经营部,info@cnsp.cn ,028 83401156
四川省川旭东包装有限公司,lzf2002zero@163.com,028 13408070721
成都众兴塑胶有限公司,,?028 83260168?
成都市武侯区圆慧轩文化用品经营部,,028 85534776
成都术有科技有限公司,Led@Ledzx.com,028 84215097
成都奇达印务有限公司,,028 84606078
成都市金牛区瑞飞包装机械经营部,dsr2008@yahoo.com.cn,028 87678129
成都市武侯区天龙印刷厂,lawon@sina.com,028 89698820
成都希兴科技工程有限公司,,028 66003069
成都云舟互利塑胶有限责任公司,TEL15911081866@hotmail.com,028 83370691
四川隆泰塑料制品有限公司,xm@salebinfo.com,028 66427126
成都经纶包装有限公司,honeylove_p@163.com,028 86283497
四川鑫欧雅塑胶工业有限公司,pumaweb@126.com ,028 83582882
成都同力助剂有限公司,tlzjivy2005@163.com,028 84389438
成都晨光博达橡塑有限公司,haoliu1226@126.com,028 85730469?
成都市新津事丰医疗器械有限公司,,
成都海宁橡胶有限公司,service@chinaflock.cn,028 85752222
成都青白江区永兴塑料异型材厂,wkl@yxcl.com,028 83673073?
成都鑫隆泰工程材料有限公司,,?028 87626836
成都川博岩土科技有限责任公司,,028 87657800
成都森发橡塑有限公司,wenhaozi@hotmail.com,028 83968718
成都长久防腐工程有限公司,szhx808@sina.com,028 83968892
成都市创联化工产品有限公司,qaogaobao@163.com,028 80884766
成都世纪阳光密封件有限公司,xs@sunoilseal.com,028 67705888
成都鑫久安土工合成材料有限公司,mas@chinaun.net,028 83988555
四川飞马投资发展有限公司,fengxing526@126.com,028 028-66566031
成都市蜀锦工艺品厂,cdshujin@126.com,028 81855413
四川诚实华龙钢建工程有限公司,,028 87366172
成都东唐投资有限责任公司,cxlawlz@126.com,028 86618259
成都瑞能科技开发有限公司,mepc@sunwisehz.com,028 84518611
成都鸿氏实业发展有限公司,viiee@viiee.com ,028 85089585
成都感恩雨管理咨询有限责任公司,,028 85234588
四川省蓉铁科技发展有限责任公司,,028 68056963
中海集装箱运输青岛有限公司成都分公司,,028 86731132
成都市金牛区利涛百货商行,zengzhitao@163.com,028 87658958
上海逸昂国际货运代理有限公司成都分公司,,028 86180366
成都道安艺术品有限责任公司,cdddaoan@163.com,028 89014947
四川创智投资咨询有限公司,chengxiaoling@tz028.cn,0838 2226695
成都市嘉洲新型防水材料有限公司,cdhr1180@126.com,028 87549711
成都远东航空代理有限责任公司?,susanbai13579@163.com,028 84440754
成都欧陆电气传动设备有限公司,zhuguanyu01@vip.sina.com,028 85571980
成都科杰高新技术发展有限公司,sales@kjgx.com,028 85136519
成都联洲国际物流有限公司,ckg@L-T.com.cn,028 89570721
成都市古今东西家居艺术有限公司,all@jinhuamei-sz.com,028 80890961
金牛区金优维楼梯经营部,webmaster@1bxg9.com ,028 83183444?
成都富绅科技有限公司,admin@fusun.cn ,028 68591903
成都市武侯区帝安姆家具厂,181888@gmail.com,028 85201029
成都市旦尼尔服饰有限公司,it114@mx.cei.gov.cn,028 81662783
成都真理科技有限公司?,scvoip@126.com,028 86314343
成都望晖钢铁有限责任公司,mas@chinaun.net,028 62813798
四川英利彬进出口有限公司,china@zxw360.cn ,028 66536476
四川西部鞋都有限责任公司,wsc@wst.com.cn,028 85005286
四川日香桂农业科技开发有限公司,sp566@163.com ,028 82600129?
四川省君威新材料发展有限责任公司,fubao@f139.com,028 86552759
成都艾维实业有限公司,ivvhr@126.com,028 89039366
成都每时乐电器有限责任公司,,028 84460697
成都齐力水处理科技有限公司,yue721213@163.com,028 87509727
成都丞泷通达对外贸易有限公司,zlyly2001@163.com,028 86659196
成都市锦江区元玺工艺品经营部,,028 86616081
四川省古窖酒业有限公司,info@tjkx.com ,028 88060815?
四川省达福康生物制药有限公司,cta@cta.org.cn,028 83531218
成都特之特手绘鞋有限公司,tezte@zgshx.com ,028 80995992
成都江中科技有限公司,hxun168@126.com ,028 89320442
四川新潮工控技术有限责任公司,xcgk@xcgk.com ,028 85121200-268
成都永幸和医贸有限公司,,028 66766198
成都市布谷鸟科技有限公司,0817sw@0817sw.com,028 84544555
雅安畜牧新技术应用开发研究所成都销售服务中心,,028 86673936
四川省安伟国际贸易有限公司,info@onward-e.com,028 86533066
四川省祥云中药饮片进出口有限公司,51ey@163.com,028 83912012
四川禹王生态农业发展有限公司,yuwangst@yuwangst.com,028 87281719-804
成都韩蓉食品有限公司,food800@126.com,028 83958058
成都雪利达羽绒厂,,028 83944449
成都郡益康生物科技有限公司,,028 87565931
四川省丰禾实业有限责任公司,food800@126.com ,028 85588258
成都天源天然产物有限公司,xianlihong8888@yahoo.com,028 89811747
成都宁氏牧业设备有限公司,ningwei@yongfengmu.com,028 85362958
成都迪澳植化实业有限公司?,rfpharm@mail.sc.cninfo.net,028 83686723?
成都市武侯区森林山珍野生菌经营部?,food800@126.com,028 85732675
四川迪美特生物科技有限公司,scbeier@chinabeier.com.cn,028 66853378
荷花池中药材专业批发市场圣禾源中药材经营部,lishaoming7@sohu.com,028 66647755
成都明珠泵业有限公司,master@jiaomai.com ,028 87696102
成都市若康蜂业有限公司,gelew@163.com,028 84851133
成都双流恒润食品有限公司,serv@tjkx.com,028 88993432
成都市金牛区猎鹰热能设备厂,webmaster@18tel.com,028 87462609
四川瑞鑫电器有限公司,scruism@163.com,028 82666886
成都雷克蒙塞电器有限公司,66009955@163.com ,028 66009955
成都新五兴空调工程有限公司,wuyouxiang@111.com,028 88091729
四川省新都美河线缆厂,13688153946@vip.sina.com ,028 66664856
四川格林格电器有限公司,web@chinachugui.com ,028 88855555
成都万方太阳能热水器制造厂,cdwf2007@163.com ,028 84835458
成都贝帝经贸发展有限公司,cd_beidi@163.com,028 86660268?
四川天煌太阳能工业有限公司,198@11198.cn,028 66676938?
成都市武侯区科力特影音经营部,,028 66185083
成都慧星商贸有限公司,wangjiaxing9999@126.com,028 66104719
成都市金牛区嘉诚洁具建材经营部,,028 87742295
成都金锐宏图科技发展有限公司,rt_p1600@126.com,028 87712617
成都龙瑞翔能源有限公司?,,028 89773088
成都金鹏空调净化设备有限公司,wrtxcn@hotmail.com,028 87488365
成都市培源科技开发有限责任公司,chinaexp@ccpit.org,028 81912173
成都市天渔尔电器有限公司,xdjd@263.net ,028 86089600-8018
成都市金牛区万和礼品商行,barbar-gift@163.com,028 83316717
四川顶集新能源设备制造有限责任公司,cofol@optochina.com ,028 83987216
成都市佳顺金属制品有限责任公司,,028 83512121
成都光大科技发展有限公司,tmskdy@beelink.com ,028 85058316
成都市赛搏斯水处理设备有限公司,chenbo8280@126.com,028 83998882
成都吉安泰成科技有限公司,richard163@sohu.com,028 85482420
成都古骑士商贸有限公司,Westding@126.com,028 87022121
成都市武侯区藏银阁民族用品配送部,service@putop.com,028 85590538
成都市成华区东方工艺美术厂,Dongfang@cddongfang.com,028 68828271
四川天赐恩坊文化发展有限公司,,028 85599068?
成都市巴国青铜艺术有限公司,sredu1@hotmail.com,028 84634390
成都市鑫祺瑞文化传播有限公司,,028 85564280
四川大金礼品箱有限责任公司,master@jiaomai.com,028 68691231
四川名人堂健康产业有限公司,rsc@mail.hynu.cn,028 85157202
四川省德朗能科技有限责任公司,,028 68680036
成都晨化新材料有限公司,hellen19700301@yahoo.com.cn,0755 27630152
锦江区磊磊假发店,qianyan.biz@hotmail.com,028 66214635
成都康纳医药科技有限公司,502152618@qq.com ,028 85588392
成都千禧酒店用品有限公司,qx@cdqianxi.com,028 83323958
四川美无度日化有限公司,mwd@mwdrh.cn,028 83371005
四川三和医用材料有限公司,wxy70757@163.net,028 84987593?
北京金莱生生物技术有限公司成都分公司,jlssw@live.cn,028 88877784
成都市源点木业有限公司,ling.zhi2007@yahoo.com.cn,028 83081417
成都市南都家具有限责任公司,webmaster@cdnd.net,028 85689499
成都千川木业有限公司,webmaster@ccd.com.cn,028 82651818
双流黎人皮具饰品工作室?,,028 85792956
成都永驰机电有限公司,gun_o_rose@163.com ,028 66561268
成都市天龙交通设备有限公司,myt@cd-tianlong.com,028 66561268
中国航天科技集团公司烽火机械厂,7111LRC@163.COM ,028 82793755
成都勋迪电动车辆制造有限公司,cdxdddc888@alibaba.com.cn ,028 82666893
成都市锦江区顺发拓展运业有限公司,cdsfbj@163.com,028 86623024?
成都上圆电动车有限责任公司,shangyuan1@cobwebs.com.cn,028 84206745
成都市武侯区通亿汽车用品经营部,,028 66208890
成都泰信电子科技有限公司,siliaonet@126.com,028 87831366
成都天石行边坡防护材料有限公司?,qhnc@chnroad.com,
成都市成华区佳好电子研究所,,028 66791678 028 84715308?
成都市双流金石机械制造有限公司,289899562@qq.com,028 85851618
成都益阳数码科技有限公司,service@315bm.com,028 66154717
成都海龟无线科技有限公司,cfw@028mall.com ,028 66257785-601
成都市武侯区春雯玩具批发经营部,ttm001@163.com,028 85237036
金牛区西辰电子元件经营部,cdxxdz@163.com,028 83235089
成都新正电子技术有限公司,tengweier@163.com,028 66052895
成都华厦龙园电器有限公司,,028 87652636
成都市武侯区鑫瑞科技经营部,web@zx185.com,028 68298047
四川恒通信息有限公司,sd-hr@163.com,028 88859531
崇州市羊马镇亿林联合通讯门市,yp@jiaoyitong.com,028 86787331
四川联智科技有限责任公司,webmaster@sczfcg.com ,028 85355562
成都锐娅科技发展有限公司,cd_shxd@163.com ,028 68334666
成都市华光电子产业技术有限责任公司,master@hgdz.com ,028 85252805?
成都安特电子有限责任公司,atdz@163.com ,028 85179563?
成都市新都嘉瑞新材料厂,market@ccmetro.com,028 83900315
四川天恩商贸有限公司,cxq2005511@sina.com,028 13618022261
成都群力石化有限公司,sales@cnpc-bit.com,028 85075201
四川奇祥汽车零部件有限公司,fu1122@yeah.net,028 82600796
成都东杨贸易有限公司,yabaili168@163.com ,?028 87682008
四川自伐管道设备有限公司,VALVE8888@126.COM,028 87690011
成都皮克电源有限公司,weldinfo@163.net,028 66002200
成都云耀贸易有限公司,serv@tjkx.com,028 89500139
成都市东旭仪器设备有限公司,web@ldmet.com,028 86924778?
成都横河川仪机电设备有限公司,lidongyan@cpcec.com,028 87672990
北京中马电缆桥架制造有限公司成都分公司,Webmaster@Soci.com.cn,028 87079599
成都市康峪机械制造有限公司,wangrzhiqian2@sohu.com rzhhj@qq.com,028 88296952
成都优力特商贸有限责任公司,tjyxw@tjyxw.com,0086 028 87614383 0086 028 87604106-808
成都恒达工控有限公司?,sales@cdhd.cn,028 87818236
四川亚安物流有限公司,?scyaanwl@163.com ,028 85259213
四川蒙特工程建设有限公司,motet@scmotet.com,028 85254506 028 82932057
成都扬中云母有限公司,mica@mail.sc.cni,028 88431172
中铝洛阳铜业有限公司成都分公司,,028 87610349
四川宜兰矿业科技有限公司,shiteng588@163.com ,028 85359048
成都物语镍业有限责任公司,,028 83992978
成都兴敏捷机械设备有限公司?,yp@jiaoyitong.com,028 66767574
成都市陶氏科技有限公司,yp@jiaoyitong.com ,028 66823540
成都高新区正通特种材料厂,web@cd-zheng-tong.com,028 85750861
成都东蓝星科技发展有限公司,toyou@sccin.com,028 84301258
成都俊马密封制品有限公司,succoo@163.com,028 83985161
成都市升隆建材有限公司,wq_xsl@163.com,028 89905086
成都市广蜀不锈钢有限公司,,028 66646657
成都正上不锈钢有限公司,support@cfchina.cn,028 83151008
成都拓利化工实业有限公司,sale@ta-ly.com,028 88430417
成都川大汉龙科技有限责任公司,scuhl@hotmail.com,028 85408005
四川鑫蜀创科技发展有限公司,tcl198325tcl@126.com,028 85153016
成都建中香料香精有限公司,moli1971@yahoo.com,028 82590566
成都东方企业公司,name@163.com ,028 87986129
成都能高共建新型环保建材有限公司,cnfair@163.com,028 86157711
四川金威利科技有限公司,qifeng818@126.com ,0833 3308777
成都恒通表面处理助剂厂,bjws@vip.163.com,028 83048234
成都苏迪奈儿贸易有限公司,cqlw18@163.com,028 83384945?
成都中瑞威普科技有限公司,wangfeizhou@yahoo.cn,0086 28 67518938 0086 28 67518940
成都市武侯区春天服饰经营部,,028 86653485
成都创世实业有限公司,aei@p-ol.com,028 83330109 028 83330102
成都太湖纺织品有限公司,Services@jobs.cn,028 83352533
新都区皎皎兔制衣厂,scwq@jicha.com.cn,028 83367118
成都樱花丝绸服装有限公司,webmaster@yh-silk.com,028 87673256
成都市成林服装有限公司,66550114@163.com,028 87485319
成都爱瑞曼服饰设计剪裁工作室,nikdj@sina.com,028 87332919
成都双线服饰有限公司,f1818@sina.com,028 66576024
成都旭日体育用品有限责任公司,362536735@qq.com ,028 81557988 028 61209595
成都富先制衣有限公司,66550114@163.com,028 83289952 028 83288291
四川迈高运动休闲有限公司,info@cnfashion.net,028 66294541
成都乔迪梦斯服饰有限公司?,CDQDMS@126.COM,028 87513883
四川新力光源有限公司,82303456@163.com ,028 87838189  028 87826661
成都今天化工有限公司,jt-zhanghong@163.com,028 87077741
锦江睿奇科贸服装店,service@texsources.com,028 86659557
四川想真企业有限公司 ,info@touki.cn,028 82762268
成都印钞公司,qbsinfo@sohu.com?,028 82756327
成都科创电子有限公司,lyjhys@126.com,028-85155398
昂特电子元件经营部,,028 68319736 028 66803571
成都兴奥邦服饰有限公司168,ifaxing.cn@gmail.com,028-87429893 028-87428853
上海拓菲电子元件有限公司,webmaster@cp315.com ,028-87357696
成都邓佳贸易有限公司电器部,DLKFQ@263.net,028 85040085 028 85435692?
西安市西无二电子信息集团有限公司驻成都办事处,,028-89898989 028-89898989
小龙人二手儿童用品有限公司,kse_315@126.com,028-81947642?
刘剑龙（个体经营）,ggb@shaanxi.cn ,028-85995707
成都坷路科技实业有限公司西门子电机销售部,,028-85225003 028-85233963?
扬利德光电有限公司,,028-85789019
成都市醒目电子经营部,Kqchendu@mail.sc.cninfo.net,028 80617673 028 82835679
四川半球科技有限责任公司业务部?,magangchao@163.com,028-65685558 028-86135013
成都成量工具集团有限公司机械装备厂,,028 83059589 028 83059588
博克科技有限公司?,manager@tylb.cn,13550254765?
成都卓立电子有限公司,zhaoxm@51report.com ,
成都信利达光电仪器有限公司,sales@xuri-sh.com,
深圳市广联威科技有限公司（成都办事处）,,028 87539738
成都市格虹电子科技有限公司,cdghdz@foxmail.com,028-85157680 028-028-85160926
四川鲍尔科技公司,asklight@gmail.com ,028-87073426 028-87070966?
成都耀能科技发展有限公司,,028-84318821 028-84300810
成都百斯特电子原件厂,,028-8394339
成都万星高科技有限公司,,028-85456020 028-85434262
成都威尔森科技发展有限责任公司,veersun@veersun.com,028-66468948/66468949/66468951
大唐电业,info@cpcec.com,0311-72548888?
鼎网电子科技有限公司,webmaster@hrm.cnC ,
成都东方易事特科技有限公司(市场部),medfda@163.com,028 85565785 028 85565785
成都市恩瑟尔科技有限公司,,028-85222122
成都坷路科技实业有限公司,cdkolu@163.com,028-85243957 028-85233963
四川光恒通信技术有限公司,marketing@cnsunstar.com ,028 87507888-8828 028 87519870
成都国正电子有限责任公司,cdgz@e-guozheng.com,028 66777736 028 66777717
西昌富万利食品有限公司,center@scnjw.gov.cn,028 82957256 028 87381663
成都市天府石墨坩埚有限公司,service@uyour.com,028 85020213 028 85032013
四川祥和涂料有限公司,master@jiaomai.com ,028 85177430 028 85193596
四川金网通电子科技有限公司,dvb_m@scjwt.com,028 66315090 028 66315094
四川茂文贸易集团有限责任公司,kefu1@chb2b.net,028 83693517 028 83693517
四川威克力纺织制品有限公司,info@cnfashion.net,028 84397826 028 84397926
四川省海鑫实业有限责任公司,net@cheminfo.gov.cn,028 68099858/68099826/68690296 028 68099870
成都市武侯区泰利家具厂,,028 68596149 028 68596149
中蓝晨光化工研究院有限公司,cgrici@hotmail.com,
成都君竹经络美容技术服务有限公司,,028 80334518
成都国海汽车电器有限公司,master@jiaomai.com ,028 66462855/66462853 028 85366725
四川华盛迅捷机电科技发展有限公司,,028 87062303 028 87062302?
四川省崇州市恒达电子厂,czsp@swww.com.cn,028 82250306/82250666 028 82250309
四川富地贸易有限责任公司,fukuji@163.com,028 81198116
成都卓筒井工贸有限公司,cdztj@live.cn,?028 85134965 028 85134926?
成都天艺新商贸有限责任公司,252881757@qq.com ,028 87633753 028 87621075
成都东方人健康产业有限责任公司,hwb@dongfangren.com,028 87785855 028 87785857
四川天翔机电设备有限责任公司,winny@swt-sfly.com,028 87078905 028 87078907?
成都亨通门控科技有限公司,ht@hengtongtec.com,028 82206940 028 82275626?
成都兴邦地板有限公司,xuyuanjun126@126.com,028 86962783 028 86962725?
成都市三极机械有限公司,56@56products.com,028 85029192 028 85024191
成都亚先晶泰新材料有限公司,protek@pro-tek.cn ,028 85483173 028 85483171
成都奥能知科技有限公司,yp@jiaoyitong.com,028 85121581 028 85223962
四川省丝绸进出口集团有限公司,Dingli-law@Dingli-law.com,028 86754856
成都枫澜科技有限公司,xinxi365@126.com,028 66700789
成都市维尔波纹管有限责任公司,tzjx5585138@163.com,028 87625757 028 87680588
成都宏大实业有限责任公司,dosio9@163.com,028 83971885-1033 028 83974098?
成都维视信科技有限公司,aylic@163.com ,028-68326005
成都天和吸塑包装有限公司,chengyaohr@163.com,028 87794455
四川省建能电力设计有限公司,sc-jn@126.com,028-86762261
成都市奥浦电气有限公司销售部,,028 89923799 028 89923799
成都苏富科技有限公司,shiteng588@163.com,?028-85082335 028-85082335
成都运腾电子有限公司,71096@71096.com,028 80687071 028 83225398
成都市莱克电子有限公司,1718@861718.com,028 83271252 028 83255411
1718@861718.com it114@mx.cei.gov.cn,glxie@zju.edu.cn,028 65997166 028 84813375
成都蓉胜照明灯饰有限公司,cdrsdj@yahoo.com.cn,028 028-83082358/83082902 028 83092388/83082358
成都索雨汽车电子科技有限公司,,028 81963456 028 85051113
四川科维实业有限责任公司,suihunbin@163.com,028 86088181-8868
成都市兴富达金属铸件厂,asklight@gmail.com,028 85013245 028 85013245
成都稳健电子有限公司,cninfo-zh@263.net,028 83227339
四川共生照明电器有限公司,cninfo-zh@263.net,028 87636506
双流明科电光源厂,info@jdme.net,028 85360169
四川航天拓鑫玄武岩实业有限公司,txrczp@163.com ,028 84874487
四川普特电子科技有限公司,tdjcjx@163.com,028 68065856?
成都晨光鼎尖电子配件厂,sushigeng@126.com,028 85690519 028 85690269
成都盛丰塑胶制品有限公司,webmaster@hrm.cnc,028 85730168?
成都麟鑫科技有限责任公司,likj59@126.com 61cnkids@163.com,028 81762095
成都唯一包装制品有限公司,314069196@qq.com,028 85876215
成都美斯特科技有限公司,mst819@126.com mst819@126.com,028 85087992
成都市四叶草光电科技有限公司?,siyecao@21.cn,028 85092208
成都尚美联信科技有限公司,gaofei7612022000@yahoo.com.cn,028 84738458?
四川汇能科技环保有限公司,Cleanwater96@163.com ,028 89849881
成都鑫三环实业有限公司,13688153946@vip.sina.com ,028 87692013 028 82840066
成都安信实业有限责任公司,office@zhongc.com ,028 83958200 028 83958086
成都兴东方电工材料研究有限公司,,028 87695467/89042178 028 87696719?
成都西瑞贸易有限公司,xinfenghu@vip.163.com ,028 13982097451 028 85420293
成都市兴康利商贸有限公司,6shaoq@163.com,028 83668881 028 83668881
四川泰立科技有限公司,TELECAST@163.com,028 85583472 028 85583717
成都国光电气股份有限公司,1718@861718.com,028 84290669 028 84290169
成都汇通西电电子有限公司,dz0534110@126.com,"028 87980483,87980490,87980480"
成都市华电鹏达电器厂,,?028 87506852 028 87594508
成都晶峰电子有限公司,dz0534110@126.com,028 87562358
成都市伟杰塑胶有限责任公司,npwjw@126.com,028 66695068?
成都晨光思达科技有限公司,Webmaster@acafa.com,?028 85543150?
金牛区圣源无纺布加工厂,,028 83582872?
成都联邦聚合物有限公司,yang@chinaadhesive2000.com,
成都旭光光电技术有限责任公司,xug@e-xuguang.com ,028 83950962
成都宏晶微电路集成技术有限公司,,028 85365279?
成都星华冠机电有限公司,cdxh258@sohu.com,?028 84712377
成都蜀山实业有限公司,hc686868@163.com,028 87486169
成都华一炉业有限公司,,028 85738073
成都风雅电缆制造有限公司,pjxxb@163.com,028 88522999-8258
成都春之晖科技有限公司,food800@126.com ,028 86122608
成都玛雅饰品有限责任公司,info@cnfashion.net,028 87486158
成都市金牛区春华展示器材销售部,bjwhp@163.com,028 86877936
四川省兴龙电子科技有限公司,,028 83220879
成都蓝图纸品有限责任公司,it114@mx.cei.gov.cn,
成都市武侯区万花筒数码经营部,chinapqs@163.com,028 85229524
成都威斯特邦贸易有限公司,web@zx185.com,028 85056609
成都西部牛牛广告展览有限公司,bjwhp@163.com,028 89554433
四川沐阳进出口有限公司,fubao@f139.com ,
成都哈雷光电科技有限公司,yilishabai-_fanj@163.com,028 87601738
成都华程信息技术有限公司,hello@re-er.com.cn,028 85336776
成都兴食商贸有限公司,,028 87032049
成都市柏斯特电子有限公司,chinacctv1983@china-cctv.cn,028 83399177
成都威而信实业有限公司,chf7210@163.com,028 86087978
金牛区鑫龙气模厂?,dxs@xlqimo.com,028 83421547
成都影响婚礼策划有限公司,,028 66616222
成都古今钱币收藏品有限公司,35@8635.com,028 85565216
武侯区博闻商务信息服务部,,028 62837588?
四川锦宏金属制品有限公司,600139sh@sina.com,?028 83506063
成都南特数码有限责任公司,chvac@sina.com ,028 85440481
成都晨光亚克力塑胶有限公司,chengtai168@sina.com,028 13880123888
成都市金牛区岁岁红灯笼制作厂,,028 13808068749
金牛区广成皮具加工厂,,028 87513968
成都诺尔信科技有限公司,,028 85217776?
成都市金牛区鑫荣三鹰音响器材经营部,,028 86470003?
成都迪格展览展示有限公司,serv@tjkx.com ,
潮安县金帅苹果广告设计有限公司成都分公司,serv@tjkx.com,028 86136875
邓贞六(个体经营),,028 83116125
成都市豪派橱柜有限公司,haopai698@163.com,028 89571546
成都淳璐通讯科技有限公司?,zhuguanyu01@vip.sina.com,028 85160916
四川越琪科技有限公司,yueqi028@126.com,028 86475060
成都泰立康工控技术有限公司,anxin@hardwaretoday.com,028 85178687
四川省新都头盔厂,gsfzb@gsfzb.gov.cn,028 83940054
成都博迪中科电子有限公司,zhouda2008@126.com,028 81976850
成都元和工程材料有限公司,yalin1997@scfb.com.cn,028 81354462
成都伟洪电子科技有限公司,dpm@whong.cn ,028 85161096
成都莱斯实业有限公司,office@zhongc.com,028 89909106
四川安晟科技有限公司,scb@tpmsansa.com,028 66259330
成都威斯特雷电防护技术有限公司,licheng8848@126.com,028 85222243
金牛区贵祥门窗厂,181888@gmail.com,028 83572989
成都市先锋考勤机有限公司,xfkq@cd-xfkq.com ,028 85445109
成都高登智能系统有限公司,fqcx2008@163.com ,028 84390228
成都安特力边坡防护有限公司,cta@cta.org.cn ,028 86315181
四川佳家宁科技有限责任公司,scjjn2003@163.com,028 89825003
成都森博门业有限公司,senbo_veron@163.com ,
成都安可信电子有限公司,zfj@action98.com ,028 85874114
成都市情谊劳保制品有限公司,root@xsp2.com,028 87628466
成都利邦科技有限公司,6688@163.com,028 85353915
成都特莱特工程有限公司?,cta@cta.org.cn,028 83250053
成都亨博门业有限公司,181888@gmail.com,028 83079956
四川为民科技有限公司,web@zx185.com ,028 66052882
四川鹏天科技发展有限公司,www.stzzzq@21cn.com,028 87383834
成都兴四新商贸有限公司,,028 87670297
金牛区鑫天立劳保用品商店,webmaster@zgdzsww.cn,
四川璐毅围栏工程有限公司?,sales@scluyi.com,028 66625908?
上海宏府实业有限公司?,services@hongfu.cn,028 85171098
成都市武侯区汇泉川消厨业设备厂,,028 87440182
四川华法美实业有限责任公司,food800@126.com,028 86181366
成都市诚德物资有限公司,xfjykj@163.com,028 83420511
成都发动机(集团)有限公司航空发动机分公司,,028 89357105
成都东航塑胶有限公司,zkd@cddhg.com ,028 88431999
四川九洋纸制品有限公司,,028 84795817
成都市金橙包装制造有限公司,471981220@qq.com ,028 82410526
成都鹏祥工贸有限公司,,028 89823358
四川蜀玻(集团)有限责任公司,shubo@scshubo.com,028 82214409
成都卓韵包装材料有限责任公司,,028 83116056
双流县富泉木制品加工厂,webmaster@hxb56.com,028 85657155
四川新华光印码机械设备有限公司,scxhgymjxsbyxgs@3158.com,028 87690189
成都康隆鑫塑业有限责任公司,wbc3001@yahoo.cn,028 85597261-812
成都通相印刷包装有限公司,txysbz@163.com,028 87078807
成都蓝灵塑料制品有限责任公司,,028 13540005135?
成都市汇一实业有限公司,bgs@cdwenjiang.cn,028 84380190
四川省宜宾环球集团有限公司,serv@tjkx.com,028 84645435
成都市雅博塑料包装有限公司,corrine.yu@yahoo.com,028 83948058
新都区木兰镇新鑫塑料制品厂,yuchangyou@163.com ,
四川省长宁县佳美玻璃制品有限公司,it114@mx.cei.gov.cn,
四川嘉瑞钢结构工程有限公司,info@scjr.net,028 83135751
成都市松声科技发展有限公司,yp@jiaoyitong.com,028 86081280
成都沈氏行琛科技有限公司,sxwsxw@sence.com.cn,028 86657370
四川三志科技有限公司,siliaonet@126.com,028 85453380
四川时运成套仪器有限公司,888sy163@sina.com ,028 86632850
成都联禾化工医药有限责任公司,cuicr99@126.com,028 /85141153/
深圳智泰精密仪器有限公司,qianyan.biz@hotmail.com,028 81700625
成都亿度科技有限公司,gps_8844@126.com,028 85217887
成都洪正光学有限公司,xsj03h302@163.com,028 87975664
成都市青羊区新立通信器材经营部,,028 86517785
成都鼎创光电设备有限公司?,dcoee@dcoee.com,?028 81522551
成都艾森电子有限责任公司,pjxxb@163.com ,028 88166338
成都宇诚通科技贸易有限公司,,028 88846588
四川都江家具有限公司,webmaster@sczfcg.com ,028 87267822
成都凌凯软件科技有限公司,linkaidx2007@163.com,028 68223866
成都易科士信息产业有限公司,server@d3721.com,028 87624455
成都法宝玻璃钢铁件加工制品经营部,fabao168@sina.com,028 87813604?
成都鑫长信贸易有限公司,wxm19992001@yahoo.com.cn ,028 86756500?
成都盛世英豪文化传播有限公司,cdssyh@yahoo.cn,028 85089093
成都三箭体育器材有限公司,webmaster@sczfcg.com,028 83138995?
成都福瑞斯特科技发展有限公司,food800@126.com,028 66695481
成都市荣成压滤机设备厂,scrcylj@sina.com,028 86476906
成都金宝马数码技术有限公司,service@china-china.cn ,028 89091234
成都市兴达纸业制品有限责任公司,hr@hotelhr.cn,028 87489268?
成都市豪盛华达纸业有限公司,wei_liu_hn@hotmail.com ,028 87805188
四川赛恩诺精细化学品有限责任公司,cathy@highlightchem.com,028 85251605
新都区韩尚印彩艺术贴花厂,junehe72@sohu.com,028 83069398
成都市新都区典艺转写纸厂,,028 83932261
成都市金碧纸业有限公司,Wohing@ywohing.com,028 89628018
成都青山纸业有限责任公司,csnews@cs.com.cn ,028 85918121
成都市彩艺印刷有限公司,taozi72@126.com ,028 85911610
成都市健之素包装制品有限公司,nbzhushan@163.com,028 87482142
成都众一科技有限公司,bioss@bioss.com.cn,028 87579675-802
成都诚志纸制品实业有限公司,engle2002@eyou.com,028 87074932
成都金香城纸业有限公司,cdjxczy@263.net,028 83989138?
成都安洁儿商贸有限责任公司,angl@angl.cn ,028 85606080
成都龙邦新材料有限公司,longpont@longpont.cn,028 84847610
四川省崇州市德泰实业有限公司,sczjsh@sczjsh.com,028 68101878
成都安舒实业有限公司,export@cdanshu.com,028 87492419
成都凯亚美机械制造有限公司,luoyunjian2006@126.com ,028 85730117
成都市诗瑞祥商贸有限公司,info@cnsp.cn,028 84378900
成都市金利源科技有限公司,office@zhongc.com,028 89869311
成都添彩电子设备有限公司,,028 83247518
成都鑫长信贸易有限公司,wxm19992001@yahoo.com.cn,028 86756500
成都市蓝波达精细化工有限公司,customer@chinajsjgy.com,028 66715283
成都市科光金刚石工磨具有限公司,,028 88055466
成都埃森普特焊接设备有限责任公司,,028 85316600
成都市天源粉末冶金工具有限责任公司,fr@126.com fr@126.com,028 82666690
四川省钢锉厂?,xc502@163.com ,028 89084787
成都戴梦迪超硬工具有限责任公司,,028 87075862
四川华川工业有限公司,zhengmeigang@hotlmail.com,028 84611925?
成都中超碳素科技有限公司,sysadmin@cncarbon.com,028 83515488?
四川豪锐木业刀具有限责任公司,,028 85032799
成都三江起重机制造有限公司,sale@sjqz.cn,028 84921099
成都市红樱食品机械制造有限公司,168# zhangliying@hongying.com.cn ,028 85868205?
成都午马传动设备有限公司,,028 89588528
成都邦普合金材料有限公司,cdbpcarbide@163.com,028 66337582
成都惠灵丰特种工程有限责任公司,wanghua1234567890@yahoo.com.cn,028 83920891
成都市金牛区华安达高中频设备厂,xfjykj@163.com,028 88027344
成都焊威焊接设备制造有限公司,china@huanqiucaigou.com,023 023-86629040
成都锋宜精密工具制造有限公司,,028 84723613
成都北液液压元件销售有限公司,Server@dianli365.com,028 83285668
四川省新德机械有限公司?,office@center-machine.com ,028 85871536
浙江变速电机有限公司成都分公司,zkhxf@163.com,028 87697278
郫县震华温控设备厂?,wq_xsl@163.com,028 87807098
成都天道化工技术有限公司,ozd9ru8t9@126.com,028 84622166
成都思立可科技有限公司?,qqcw2006@126.com,028 84332845
金牛区欣飞龙日用品经营部,info@cnsp.cn,028 83401156
四川省川旭东包装有限公司,lzf2002zero@163.com,028 13408070721
成都众兴塑胶有限公司,,?028 83260168?
成都市武侯区圆慧轩文化用品经营部,,028 85534776
成都术有科技有限公司,Led@Ledzx.com ,028 84215097
成都奇达印务有限公司,,028 84606078
成都市金牛区瑞飞包装机械经营部,dsr2008@yahoo.com.cn,028 87678129
成都市武侯区天龙印刷厂,lawon@sina.com,028 89698820
成都希兴科技工程有限公司,,028 66003069
成都云舟互利塑胶有限责任公司,TEL15911081866@hotmail.com,028 83370691
四川隆泰塑料制品有限公司,xm@salebinfo.com,028 66427126
成都经纶包装有限公司,honeylove_p@163.com ,028 86283497
四川鑫欧雅塑胶工业有限公司,pumaweb@126.com ,028 83582882
成都同力助剂有限公司,tlzjivy2005@163.com,028 84389438
成都晨光博达橡塑有限公司,haoliu1226@126.com,028 85730469?
成都市新津事丰医疗器械有限公司,028 66744903,
成都海宁橡胶有限公司,service@chinaflock.cn,028 85752222
成都青白江区永兴塑料异型材厂,wkl@yxcl.com,028 83673073?
成都鑫隆泰工程材料有限公司,,?028 87626836
成都川博岩土科技有限责任公司,,028 87657800
成都森发橡塑有限公司,wenhaozi@hotmail.com,028 83968718
成都长久防腐工程有限公司,szhx808@sina.com ,028 83968892
成都市创联化工产品有限公司,qaogaobao@163.com,028 80884766
成都世纪阳光密封件有限公司,xs@sunoilseal.com ,028 67705888
成都鑫久安土工合成材料有限公司,mas@chinaun.net,028 83988555
四川飞马投资发展有限公司,fengxing526@126.com,028 028-66566031
成都市蜀锦工艺品厂,cdshujin@126.com,028 81855413
四川诚实华龙钢建工程有限公司,,028 87366172
成都东唐投资有限责任公司,cxlawlz@126.com,028 86618259
成都瑞能科技开发有限公司,mepc@sunwisehz.com ,028 84518611
成都鸿氏实业发展有限公司,viiee@viiee.com,028 85089585
成都感恩雨管理咨询有限责任公司,,028 85234588
四川省蓉铁科技发展有限责任公司,,028 68056963
中海集装箱运输青岛有限公司成都分公司,,028 86731132
成都市金牛区利涛百货商行,zengzhitao@163.com,028 87658958
上海逸昂国际货运代理有限公司成都分公司,,028 86180366
成都道安艺术品有限责任公司,cdddaoan@163.com,028 89014947
四川创智投资咨询有限公司,chengxiaoling@tz028.cn,0838 2226695
成都市嘉洲新型防水材料有限公司,cdhr1180@126.com,028 87549711
成都远东航空代理有限责任公司?,susanbai13579@163.com,028 84440754
成都欧陆电气传动设备有限公司,zhuguanyu01@vip.sina.com,028 85571980
成都科杰高新技术发展有限公司,sales@kjgx.com ,028 85136519
成都联洲国际物流有限公司,ckg@L-T.com.cn,028 89570721
成都市古今东西家居艺术有限公司,all@jinhuamei-sz.com ,028 80890961
金牛区金优维楼梯经营部,webmaster@1bxg9.com,028 83183444?
成都富绅科技有限公司,admin@fusun.cn,028 68591903
成都市武侯区帝安姆家具厂,181888@gmail.com,028 85201029
成都市旦尼尔服饰有限公司,it114@mx.cei.gov.cn,028 81662783
成都真理科技有限公司?,scvoip@126.com,028 86314343
成都望晖钢铁有限责任公司,mas@chinaun.net,028 62813798
四川英利彬进出口有限公司,china@zxw360.cn ,028 66536476
四川西部鞋都有限责任公司,wsc@wst.com.cn,028 85005286
四川日香桂农业科技开发有限公司,sp566@163.com,028 82600129?
四川省君威新材料发展有限责任公司,fubao@f139.com ,028 86552759
成都艾维实业有限公司,ivvhr@126.com,028 89039366
成都每时乐电器有限责任公司,,028 84460697
成都齐力水处理科技有限公司,yue721213@163.com,028 87509727
成都丞泷通达对外贸易有限公司,zlyly2001@163.com,028 86659196
成都市锦江区元玺工艺品经营部,,028 86616081
四川省古窖酒业有限公司,info@tjkx.com,028 88060815?
四川省达福康生物制药有限公司,cta@cta.org.cn ,028 83531218
成都特之特手绘鞋有限公司,tezte@zgshx.com,028 80995992
成都江中科技有限公司,hxun168@126.com,028 89320442
四川新潮工控技术有限责任公司,xcgk@xcgk.com ,028 85121200-268
成都永幸和医贸有限公司,,028 66766198
成都市布谷鸟科技有限公司,0817sw@0817sw.com ,028 84544555
雅安畜牧新技术应用开发研究所成都销售服务中心,,028 86673936
四川省安伟国际贸易有限公司,info@onward-e.com,028 86533066
四川省祥云中药饮片进出口有限公司,51ey@163.com,028 83912012
四川禹王生态农业发展有限公司,yuwangst@yuwangst.com,028 87281719-804
成都韩蓉食品有限公司,food800@126.com,028 83958058
成都雪利达羽绒厂,,028 83944449
成都郡益康生物科技有限公司,,028 87565931
四川省丰禾实业有限责任公司,food800@126.com,028 85588258
成都天源天然产物有限公司,xianlihong8888@yahoo.com,028 89811747
成都宁氏牧业设备有限公司,ningwei@yongfengmu.com,028 85362958
成都迪澳植化实业有限公司?,rfpharm@mail.sc.cninfo.net,028 83686723?
成都市武侯区森林山珍野生菌经营部?,food800@126.com,028 85732675
四川迪美特生物科技有限公司,scbeier@chinabeier.com.cn,028 66853378
荷花池中药材专业批发市场圣禾源中药材经营部,lishaoming7@sohu.com,028 66647755
成都明珠泵业有限公司,master@jiaomai.com,028 87696102
成都市若康蜂业有限公司,gelew@163.com ,028 84851133
成都双流恒润食品有限公司,serv@tjkx.com ,028 88993432
成都市金牛区猎鹰热能设备厂,webmaster@18tel.com,028 87462609
四川瑞鑫电器有限公司,scruism@163.com,028 82666886
成都雷克蒙塞电器有限公司,66009955@163.com ,028 66009955
成都新五兴空调工程有限公司,wuyouxiang@111.com,028 88091729
四川省新都美河线缆厂,13688153946@vip.sina.com ,028 66664856
四川格林格电器有限公司,web@chinachugui.com ,028 88855555
成都万方太阳能热水器制造厂,cdwf2007@163.com ,028 84835458
成都贝帝经贸发展有限公司,cd_beidi@163.com,028 86660268?
四川天煌太阳能工业有限公司,198@11198.cn,028 66676938?
成都市武侯区科力特影音经营部,,028 66185083
成都慧星商贸有限公司,wangjiaxing9999@126.com,028 66104719
成都市金牛区嘉诚洁具建材经营部,,028 87742295
成都金锐宏图科技发展有限公司,rt_p1600@126.com,028 87712617
成都龙瑞翔能源有限公司?,,028 89773088
成都金鹏空调净化设备有限公司,wrtxcn@hotmail.com,028 87488365
成都市培源科技开发有限责任公司,chinaexp@ccpit.org,028 81912173
成都市天渔尔电器有限公司,xdjd@263.net,028 86089600-8018
成都市金牛区万和礼品商行,barbar-gift@163.com,028 83316717
四川顶集新能源设备制造有限责任公司,cofol@optochina.com,028 83987216
成都市佳顺金属制品有限责任公司,,028 83512121
成都光大科技发展有限公司,tmskdy@beelink.com,028 85058316
成都市赛搏斯水处理设备有限公司,chenbo8280@126.com ,028 83998882
成都吉安泰成科技有限公司,richard163@sohu.com,028 85482420
成都古骑士商贸有限公司,Westding@126.com,028 87022121
成都市武侯区藏银阁民族用品配送部,service@putop.com,028 85590538
成都市成华区东方工艺美术厂,Dongfang@cddongfang.com ,028 68828271
四川天赐恩坊文化发展有限公司,,028 85599068?
成都市巴国青铜艺术有限公司,sredu1@hotmail.com ,028 84634390
成都市鑫祺瑞文化传播有限公司,,028 85564280
四川大金礼品箱有限责任公司,master@jiaomai.com,028 68691231
四川名人堂健康产业有限公司,rsc@mail.hynu.cn ,028 85157202
四川省德朗能科技有限责任公司,,028 68680036
成都晨化新材料有限公司,hellen19700301@yahoo.com.cn,0755 27630152
锦江区磊磊假发店,qianyan.biz@hotmail.com,028 66214635
成都康纳医药科技有限公司,502152618@qq.com,028 85588392
成都千禧酒店用品有限公司,qx@cdqianxi.com ,028 83323958
四川美无度日化有限公司,mwd@mwdrh.cn,028 83371005
四川三和医用材料有限公司,wxy70757@163.net,028 84987593?
北京金莱生生物技术有限公司成都分公司,jlssw@live.cn,028 88877784
成都市源点木业有限公司,ling.zhi2007@yahoo.com.cn,028 83081417
成都市南都家具有限责任公司,webmaster@cdnd.net,028 85689499
成都千川木业有限公司,webmaster@ccd.com.cn ,028 82651818
双流黎人皮具饰品工作室?,,028 85792956
成都永驰机电有限公司,gun_o_rose@163.com,028 66561268
成都市天龙交通设备有限公司,myt@cd-tianlong.com,028 66561268
中国航天科技集团公司烽火机械厂,7111LRC@163.COM,028 82793755
成都勋迪电动车辆制造有限公司,cdxdddc888@alibaba.com.cn,028 82666893
成都市锦江区顺发拓展运业有限公司,cdsfbj@163.com,028 86623024?
成都上圆电动车有限责任公司,shangyuan1@cobwebs.com.cn,028 84206745
成都市武侯区通亿汽车用品经营部,,028 66208890
成都泰信电子科技有限公司,siliaonet@126.com,028 87831366
成都天石行边坡防护材料有限公司?,qhnc@chnroad.com,
成都市成华区佳好电子研究所,,028 66791678 028 84715308?
成都市双流金石机械制造有限公司,289899562@qq.com ,028 85851618
成都益阳数码科技有限公司,service@315bm.com ,028 66154717
成都海龟无线科技有限公司,cfw@028mall.com,028 66257785-601
成都市武侯区春雯玩具批发经营部,ttm001@163.com,028 85237036
金牛区西辰电子元件经营部,cdxxdz@163.com,028 83235089
成都新正电子技术有限公司,tengweier@163.com,028 66052895
成都华厦龙园电器有限公司,,028 87652636
成都市武侯区鑫瑞科技经营部,web@zx185.com,028 68298047
四川恒通信息有限公司,sd-hr@163.com,028 88859531
崇州市羊马镇亿林联合通讯门市,yp@jiaoyitong.com,028 86787331
四川联智科技有限责任公司,webmaster@sczfcg.com,028 85355562
成都锐娅科技发展有限公司,cd_shxd@163.com ,028 68334666
成都市华光电子产业技术有限责任公司,master@hgdz.com ,028 85252805?
成都安特电子有限责任公司,atdz@163.com,028 85179563?
成都市新都嘉瑞新材料厂,market@ccmetro.com,028 83900315
四川天恩商贸有限公司,cxq2005511@sina.com,028 13618022261
成都群力石化有限公司,sales@cnpc-bit.com ,028 85075201
四川奇祥汽车零部件有限公司,fu1122@yeah.net,028 82600796
成都东杨贸易有限公司,yabaili168@163.com ,?028 87682008
四川自伐管道设备有限公司,VALVE8888@126.COM,028 87690011
成都皮克电源有限公司,weldinfo@163.net ,028 66002200
成都云耀贸易有限公司,serv@tjkx.com,028 89500139
成都市东旭仪器设备有限公司,web@ldmet.com,028 86924778?
成都横河川仪机电设备有限公司,lidongyan@cpcec.com ,028 87672990
北京中马电缆桥架制造有限公司成都分公司,Webmaster@Soci.com.cn,028 87079599
成都市康峪机械制造有限公司,wangrzhiqian2@sohu.com ,028 88296952
成都优力特商贸有限责任公司,tjyxw@tjyxw.com ,0086 028 87614383 0086 028 87604106-808
成都恒达工控有限公司?,sales@cdhd.cn,028 87818236
四川亚安物流有限公司,scyaanwl@163.com,028 85259213
四川蒙特工程建设有限公司,motet@scmotet.com,028 85254506 028 82932057
成都扬中云母有限公司,mica@mail.sc.cni,028 88431172
中铝洛阳铜业有限公司成都分公司,,028 87610349
四川宜兰矿业科技有限公司,shiteng588@163.com ,028 85359048
成都物语镍业有限责任公司,,028 83992978
成都兴敏捷机械设备有限公司?,yp@jiaoyitong.com,028 66767574
成都市陶氏科技有限公司,yp@jiaoyitong.com,028 66823540
成都高新区正通特种材料厂,web@cd-zheng-tong.com,028 85750861
成都东蓝星科技发展有限公司,toyou@sccin.com,028 84301258
成都俊马密封制品有限公司,succoo@163.com,028 83985161
成都市升隆建材有限公司,wq_xsl@163.com,028 89905086
成都市广蜀不锈钢有限公司,,028 66646657
成都正上不锈钢有限公司,support@cfchina.cn,028 83151008
成都拓利化工实业有限公司,sale@ta-ly.com,028 88430417
成都川大汉龙科技有限责任公司,scuhl@hotmail.com,028 85408005
四川鑫蜀创科技发展有限公司,tcl198325tcl@126.com,028 85153016
成都建中香料香精有限公司,moli1971@yahoo.com,028 82590566
成都东方企业公司,name@163.com,028 87986129
成都能高共建新型环保建材有限公司,cnfair@163.com,028 86157711
四川金威利科技有限公司,qifeng818@126.com,0833 3308777
成都恒通表面处理助剂厂,bjws@vip.163.com,028 83048234
成都苏迪奈儿贸易有限公司,cqlw18@163.com,028 83384945?
成都中瑞威普科技有限公司,wangfeizhou@yahoo.cn,0086 28 67518938 0086 28 67518940
成都市武侯区春天服饰经营部,,028 86653485
成都创世实业有限公司,aei@p-ol.com,028 83330109 028 83330102
成都太湖纺织品有限公司,Services@jobs.cn,028 83352533
新都区皎皎兔制衣厂,scwq@jicha.com.cn,028 83367118
成都樱花丝绸服装有限公司,webmaster@yh-silk.com ,028 87673256
成都市成林服装有限公司,66550114@163.com,028 87485319
成都爱瑞曼服饰设计剪裁工作室,nikdj@sina.com ,028 87332919
成都双线服饰有限公司,f1818@sina.com,028 66576024
成都旭日体育用品有限责任公司,362536735@qq.com,028 81557988 028 61209595
成都富先制衣有限公司,66550114@163.com ,028 83289952 028 83288291
四川迈高运动休闲有限公司,info@cnfashion.net ,028 66294541
成都乔迪梦斯服饰有限公司?,CDQDMS@126.COM ,028 87513883
都市玉双路10号,ccyb8364725@163.com,
四川澳申热能设备有限公司,oc86918452@163.com,028 86918452 028 86910742?
四川旭威流体自控工程有限公司,co000@000.com,028 85238579/66096615/66096625 028 85236917
四川辉煌测控设备有限公司?,web@metermart.com,028 85769865
成都欧力控制技术研究所有限公司,ythl3210@126.com,028 66349569 028 66349569
成都三联天全化工有限公司,yfsyq@yfsyq.com,"028 66116359,66116358, 028 83355023"
四川永通机械设备有限公司,kf@yonton.com,028 83290812;02866386880 028 83290812
成都牧甫生物科技有限公司,food800@126.com,028 87838390/87829507 028 87838322?
成都市星辰磷酸盐厂,ythl3210@126.com,028 83003939/13438186439 028 83871395/83750506?
雅安圣岗科隆农业发展有限公司,food800@126.com,028 66619718/87321304 028 87321304?
成都市武侯区甘露河植物蛋白食品加工厂,,028 89554269 028 87053431
四川好粮新方便食品有限公司,cdztzs@cdztzs.com,0813 2606968 0813 2600168
成都市武侯区东方之珠酒类直销部,,028 68523282 028 87429060
四川原池酒业有限责任公司?,info@tjkx.com,028 88299299 028 88282879 
四川利好科技有限责任公司,info@zzb.com.cn,028 85137023;85134151 028 85511390
四川好棒食品有限公司,,028 87530015 028 87533195?
四川华福酒业有限公司?,tyjzk@tyjzk.com,028 89066867 028 89066867?
成都仕杰实业发展有限公司,ythl3210@126.com,028 85732375/88998679/13438156973 028 85732375
四川九州鸿运酒业有限公司,wq_xsl@163.com,028 68989898/68988888 028 68989898
成都市新繁和森木业有限公司,,028 83080467 028 83080467
成都禾宇商贸有限公司,cdhybh2008@126.com,028 82009199 028 84391076
新都区柏旭福鑫家具配件厂 ,,?028 83071523
成都市金牛区美卡烧烤用具经营部,,?028 88054376 028 83377138?
任永革(个体经营),renyongge@yahoo.com.cn,028 83384111 028 83335911
四川铸诚百文商贸有限公司,sd-hr@163.com,028 83327666 028 83353358
成都市新都区豪度家具厂,info@cnsp.cn,028 83989766 028 83949966?
成都市青羊区蜀丝坊贸易商行,,028 81677773 028 86939773
成都市光洁环保生物科技有限公司,peixili@163.com,028 85913678 028 85910866
成都久光贸易有限公司,yp@jiaoyitong.com,028 85255140/85255141/85255142 028 85258559
成都宏达新元科技有限公司,ythl3210@126.com,028 85481012 028 85481013
四川东方聚能科技有限公司,xnjcw@xnjcw.com,"028 81703079,88838998,66262839 028 81703079"
成都宸宇涂装技术有限公司?,net@cheminfo.gov.cn,028 85750185 028 85750535
成都市光明新科过滤设备有限公司,sunboy@vip.163.com,028 87520572 028 87539662
四川凌志泵业有限公司,linglin@lzpp.com ,028 87604100/87618816/66566043 028 87618816
成都市伟利过滤设备厂,wlglsb@wlglsb.com ,028 85184125 028 85182274
成都创造力科技有限公司,czlkj01@163.com ,028 66565538
成都华远电器设备有限公司,market@china-consulting.cn,028 86083322 028 85033444?
成都西南焊接设备制造有限责任公司,,?028 87635093 028 87696112?
成都市青羊区万和化工部,wwanhehg@126.com,028 81833078 028 84543441
成都博深高技术材料开发有限公司 ,shipjobs@126.com,028 85435099 028 85435099
成都市明霞科技有限公司?,mingxiahr@163.com,028 81959605
成都花晨月鞋业有限公司,info@cnfashion.net,?028 85373879/85370777 028 85373879
四川银鼎化工有限公司,yinding2008@163.com,028 86818666 028 83531298
成都亚森天然化妆品研究所?,csj9835@vip.163.com,?028 84731118 028 84725788
金堂县赵镇知足堂鞋坊?,,028 83220994
刘克俊(个体经营),,?028 86430272
成都市丹宇通用设备有限公司,cd-dy@sohu.com,?028 84710863 028 66539816
成都市武侯区发条橙子魅力生活服饰店,,?028 89082992
成都市金牛区标王老北京鞋业经营部,, 028 66746536 028 85773085 
四川娇子生物科技有限公司?,sales@sinorgchem.com,028 82666588 028 82666588
成都市银信石业有限公司,service@china-china.cn,?028 87500726/87514666/88003726 028 87508898
成都巨奥玻璃有限公司,inland028@126.com,?028 84479706 028 84479706
成都市武侯区恒晨灯饰经营部,,028 85032864 028 85032864
成都新财高新技术有限公司,scsdzxh@163.com ,028 66134606 028 85161421
四川凯西光电有限责任公司,yp@jiaoyitong.com ,028 66501698 028 66501696
成都禾光实业有限公司?,zhongguoxuwei@yahoo.com ,?028 66859315 028 66859315
成都维克特科技有限公司,lijnet@163.com,028 81925991/83397919 028 83397919
成都小迪日用品有限公司 ,wq_xsl@163.com ,028 81896208
成都市金牛区欧司朗灯饰经营部,sc-osram@126.com,028 83173488 028 83190530
金牛区九澳灯饰经营部,,028 86476436 028 86476436
温江强力实业有限责任公司,xxzx@scjst.gov.cn ,028 82650139 028 82651901?
成都航天明江新材料制造有限公司,20010509553@sina.com,?028 84851317 028 84877902
成都福天禄科技有限责任公司,caochunye@163.com ,028 85455969 028 85459838 812
成都传扬广告有限责任公司 ,webmaster@st-printing.com,028 87799068 028 87510592
成都中横通科技有限公司,,?028 87023515 028 87023515?
金牛区明华顺音响设备经营部?,,?028 89086188 028 66123063
成都市武侯区展畅照明器材经营部,go007@go007.com,?028 66318528 028 85083001?
成都市双江电器设备有限公司,yqdl@263.net,028 87629639
成都圣典节能科技有限公司,7537306@163.com,028 84865418 028 84867126
金牛区和兴商贸部,scwq@jicha.com.cn,028 66261103 028 83223446?
成都华益热缩材料有限公司,zcg@cd-huayi.com,?028 84369578 028 84367498
成都虹波实业股份有限公司,1718@861718.com,028 88432320 028 88432319
金牛区睿达灯具经营部,,?028 87666801 028 87666801
成都鑫晨光学电子仪器有限责任公司,,?028 82997405 028 82997405?
金牛区嘉鑫辉装饰材料经营部,24571189@qq.com,028 88090380 028 87680326
欧洲电子部品(成都)商贸有限公司,whic@weihai.gov.cn,028 84858318 028 84858318
新都区华美达艺灯饰厂,,028 83175686 028 83175686
成都市大发电器城隍庙市场连利电器经营部,,028 89973973 028 66644522?
金牛区佳杰电器经营部?,24571189@qq.com,028 83222412 028 66261215
成都市金牛区华达电器商店,office@herb88.com ,028 66189700 028 66803772?
成都高新区今天硅材料有限公司,YYYSHT@163.COM,028 85586114/66631114 028 8556418
金牛区昊迪微电子商行,smooths@mail.nctu.edu.,028 66104769 028 66104769
成都市金牛区兴祖家电经营部,,?028 83376796 028 83376796
成都四海扬帆科技有限公司,webmaster@hxb56.com,028 87694156 028 87694156
成都市小意思电器有限公司,sanye9932@vip.sina.com ,028 87697436 028 87697436
成都建浩科技有限公司,gaf@xmjlw.com,?028 13808001573
成都豪阳科技有限公司?,xianhr@pub.zhaopin.com.cn,?028 83123088 028 83123088?
成都全新医疗卫生用品有限公司,cdqxchemical@yahoo.com.cn,028 85548933/85595438/85546685 028 85595478
成都兴邦生化厂,ise75y@126.com,028 83703808 028 83712551
成都超人植化开发有限公司,Superman@hi2000.com,028 86273298 028 86277398
成都新西南艺术陶瓷厂,sxrc0351@163.com,400 7798 698 028 83290235
成都天马装饰材料有限公司,ab130139@126.com,028 83573779 028 83571935
成都斯勒曼科技有限公司,wjf-720108@163.com ,028 66705771/66705881 028 87420162
成都市中惠物资有限公司?,,028 87469546
成都信天翁科贸有限公司?,,028 85228339 028 85222695?
成都南光机器有限公司?,liangguihua@rankuum.com,028 84848038 028 84848103
四川莱特新材料科技有限责任公司,service@light-new.com,028 84780332 028 84674801
成都市居比路纺织科技有限公司,66550114@163.com ,"?028 87818168,80256222 028 87818168"
成都南仪电子电气有限责任公司,,028 85754908 028 85754908
四川诚成海量科技有限责任公司?,lingli@sina.com, 028 85374791-803 028 85374792
四川人民出版社,zxsu@mnu.edu.cn ,?028 86250677 028 86259456
成都壹品欧迪家具有限公司,epinod@163.com,028 86725128 028 86727128
成都新友缘科技有限公司,,028 85433165 028 85433165
成都永联金属制品有限公司,changyi@mail.sc.cninfo.net,028 87952446 028 87952446
四川协和林商贸有限公司,bigheadwy@hotmail.com ,028 85448511 028 85448869
成都市灵海气模制造厂,ih@cdlinghai.com ,?028 87630162 028 87630162?
成都市青羊区新巢铜牌美工部?,,028 86648028 028 86647525
成都刚健科技实业有限公司?,,?028 87608201 028 87608121
成都顶好雨具有限公司?,serv@tjkx.com,028 83414132/89096918 028 83220284
四川南光泵业有限公司 ,sc-ng@163.com,?028 84412926 028 84414428?
成都振冲机电商行?,shemymeQ@163.com,028 66613212 028 66751959?
四川省汇利达国际贸易有限公司?,qzy63@yahoo.com.cn,028 87023958 028 87023563
成都酷睿科技有限公司?,qianyan.biz@hotmail.com,?028 66070411?
成都奇尚乐器有限公司,,?028 85452717 028 85452717
成都广天农业高科技有限公司,xdnyj@xindu.gov.cn,028 83028903 028 83028903?
荷花池中药材专业批发市场恒昌隆中药行,,028 83150331 028 83150331?
景东银生农副产品收购部,,028 87620278 028 87620278?
成都森鹏木业有限责任公司?,senfawood@sina.com,028 83965026 028 83965026
成都怡忠科技有限公司,,?028 6818000 028 68186000-9?
金牛区通发通讯器材经营部,,028 83226747 028 66104592?
成都龙翔锦卡信息技术有限公司?,service@mostgroup.com ,028 85287833;66104011 028 85482596
四川汇源进出口有限公司?,webmaster@cnstock.com ,?028 86632251 028 86631330
成都其川实业有限公司,liutao@cd-qc.com,?028 85224141 028 85224141
成都鸿合电器制造有限公司,cdhhdq@alibaba.com.cn,028 87606672 028 87606672
金牛区天仪仪表商贸部?,hqzjcom@126.com ,028 86475853 028 86475853?
成都华成威电器有限公司?,hcw028@sina.com,?028 87656305/87656306 028 87656306
成都菁华三才科技有限责任公司?,threecaimaterials@126.com,028 85754178-638 028 85737355
成都市营江散热设备厂,Master@sccdyj.com ,028 85026885 028 85022881
成都博大激光技术有限责任公司,hr@kwans.com.cn,028 68155169 028 68155968
金牛区吉星灯饰经营部?,webmaster@zgdzsww.cn,028 83190628 028 83190628
成都市成华区蓉阆制刷厂,,028 66678897 028 8577535
成都展兴塑料包装有限公司?,,028 85364579 028 85364979?
成都汀成数控技术有限责任公司 ,info@lkzhenxing.com,?028 86433289 028 83173628?
成都市昂一物资有限公司,,028 83140886 028 66645029
成都市聚天包装材料有限责任公司?,,?028 84420481 028 84422385?
成都市金牛区贤斌包装机械经营部,,028 66705850 028 83421360
成都永嘉彩印包装有限公司?,YONG_JIA@126.com,028 84819068 028 85219936
成都市兴宏宇塑料制品厂?,lvjuntx@qszt.net,?028 83646212 028 83646461
成都晶华江泰橡塑有限责任公司?,,?028 84805533 028 84805533
成都欧美佳科技发展有限公司,serv@tjkx.com,028 66127991 028 84858815
成都金尚风包装设计有限责任公司,,?028 61863251 028 61863251
成都市金鼓药用包装有限公司,bxhzh@163.com ,086 028 88742588 086 028 88748588
成都八九七二科技发展有限公司,whwendu@126.com,028 86066066 028 86066866
大邑万通印务有限责任公司,pten@pten.cn ,028 86343222 028 86343648
成都市昂鹰科技有限责任公司,angying168@163.com ,028 85131629 028 85131629?
四川恒风鼓风机有限公司,service@sc-hf.com ,?028 84711395 028 84714068?
都江堰市开门红钢质门厂,,028 89729088 028 87225588
金牛区冀华瑞达筛网销售部,,?028 66574886/66427
成华区万泉建材经营部?,info@sinodoors.com,028 88034665 028 84422630
四川鼎林信息技术有限公司,,028 65657552 028 85593421
成都市新都区黄金龙钢制品厂,181888@gmail.com,?028 83029318 028 83028319?
成都新兴欣电力物资有限公司,webmaster@wujinku.com,?028 87691377 028 87691378
成都风之行科技发展有限公司,billpan2@263.net,?028 85088461-806 028 85088461-805
成都市武侯区兴发门窗经营部,181888@gmail.com ,028 66697930 028 85799494
成都凌泰科技有限公司?,zhaoguangfu01@126.com ,?028 82911375 028 82911395?
成都德撒电子系统有限公司,,028 85087674?
成都市西臣影音有限公司,yexiang080@163.com ,028 65816372 028 65816372?
成都富象门业有限公司,admin@cdfxmy.com,?028 83078830 028 83078622
四川保尔防护装备厂,,028 87687788 0816 2316008/2319008
成都万象门窗装饰有限公司,youjion@tom.com ,?028 83078477 028 83079909?
青羊区华谊箱柜厂?,chenduzhourong@hotmail.com ,028 66799728 028 87079389
成都奇偶光电科技有限公司,friendzgy@163.com ,?028 84332796 028 84334916
成都惠大专利技术研究所有限公司?,,028 87071866 028 82948770
成都捷晟制造有限责任公司,jiesheng.good@163.com ,028 87692052 028 87692052
四川省兴宏电讯有限责任公司,scxhcom@126.com ,028 66823598 028 85405905
成都时代今朝科技有限公司?,,?028 87591042 028 87591043
四川迈捷科技有限责任公司?,chinajzw@chinajzw.cn,?028 86080989 028 86080989?
成都飞辉虹科技有限责任公司,fhhzhaopin@163.com,?028 85265671 028 85265671?
成都立鑫新技术科技有限公司?,cdlixin@163.com ,?028 85369012-803 028 85369213
成都市盛雷科技有限公司,fubao@f139.com,028 87623530/80772913 028 87623530?
成都富坤门窗厂?,,028 83079051 086 028 83079051
成都安力特边坡特种防护工程有限公司,cta@cta.org.cn,?028 8751090
成都市宝高乳胶制品有限公司,phuimin@163.com ,?0755 28677191/028-89911428 0755 28677193
成都天丽户外用品有限公司,tianlizp@163.com ,028 82633675 028 82633676?
成都石人消防器材装备有限责任公司?,,028 82762140 028 82764229
成都新津汤姆叔叔鞋艺有限公司?,,?028 86533310 028 86784273?
成都金柚实业有限公司?,cqy226@sina.com ,?028 85730128 028 68140146
成都市岷森商贸有限公司,ms028@126.com ,028 86937856 028 86937856?
成都金华胜纸品有限公司?,gudianop@163.com,028 81700085 028 81705723
成都吉安安顺贸易有限责任公司,bbcyyxgs@126.com ,?028 83186848?
四川兴睿龙实业有限公司,Services@jobs.cn,?028 13548024860
成都兴盛维雅纸业有限公司,paper-china@163.com,028 85845032 028 85845032
成都亿福达纸塑品有限公司,,?028 87480717 028 87480717
成都市武侯区美华纸塑包装厂,,028 66961399 028 87441788
成都市金牛区耘丰斋文化用品经营部,,028 51546215 028 78565122
成都市金牛区洪成文具经营部,,028 83318181 028 83318181?
金牛区新德堡印刷机械商行,,028 81910865 028 83171537
成都大光热喷涂材料有限公司,office@cddg.com.cn ,?028 84835827/84837291 886 028 84837290
成都市强芯机电设备有限公司,lantimes@163.com,028 87609919 028 87609719
成都市华艺纸制品厂,hoaye@126.com,?028 84637362 028 84637361
四川益融商贸有限公司?,eron@eron.com.cn ,"?0086 028 68107492,68107780,68803720 0086 028 68107620"
金牛区勇恒印刷耗材经营部,,028 81205088?
广州精系化工股份有限公司四川总代理,,028-8952-6062 028-84477551
青羊区文家乡芳菲纸制品厂?,,028 87074876 028 87074876?
成都银林纸业有限公司,Service@ncly.net ,028-81234567 028-87775082?
盛世龙腾-高岭土原矿供应项目部?,,028-15882236844 028-867011111
成都德利商贸有限公司?,d.dlmy@163.com,028 80163788
成都市永升酒店用品有限公司,24571189@qq.com,028-85157757 028-85157757
成都市佳合众成办公设备公司,csanjin_01@yahoo.com.cn,028 68376873 028 85212774?
濮阳龙丰纸业有限公司成都分公司,,028 87776816 028 87778216
成都市彩石彩绘工作室,,028 89960447 028 89960447?
东方光盘制造有限公司（销售部,tongfangjifu@vip.163.com,028-85882679 028-85881827
黎彩纸业?,,028-13881876766 028-13881876766
广州方捷办公装订设备有限公司?,gzfzoa@126.com ,028-66147072 028-66147072
成都黄金尚韵广告有限公司,wanghuici1314@163.com,028 80690598 
成都丰彩(益彩)烫画印务有限公司,l-m168@163.com,?028 81379881 028 83919793
成都蓉生装饰有限公司,d_han@126.com ,028-86249900
成都市武候区泰码自动识别器经营部?,,028 85022496 028 85022496
成都高堡卓越彩色包装有限公司?,,028 86082322//83325819 028 83351526
成都纤姿纸业有限公司,,028-87950439 028-87950439?
四川省智信家具制造有限公司,honlandsx@sina.com ,028 85026288 028 85026288?
成都德贝实业有限公司?,web@chinachugui.com ,028 87988577/87980370/87988188 028 87988378?
成都市新西北光电有限公司,newhgzqb@163.com,028 839300 028 83930328?
中国科学院光电技术研究所光学元件厂,service_2008@chinamet.com ,028 85100385 028 85100151
成都高域办公自动化设备有限公司?,,028-89959060 028-85440334
成都东方宏家私有限公司?,fudong82@126.com,028 85011212 028 85015268
成都市华龙家具装饰有限公司,taobao168_vip@126.com ,028 83082836
成都优邦文具有限公司?,wsl2k@yahoo.com.cn,028 86081989 028 66143721
成都市金牛区建明机电经营部,yangsuda@163.com,?028 89515196 028 87691671?
成都万科实业有限公司,cdwanke2002@yahoo.com.cn,"028 86123061,86127533,86150535 028 86153563"
成都福隆石英电热电器厂,cnsaw@cnsaw.com,028 87697288 028 87697988
成都市科恒达仪器设备有限责任公司?,cyq8010@126.com ,?028 68279588 028 84559116?
成都经纬办公家具有限公司?,,028 66137138 028 85012948
成都外南太平园家俱城?,52xnm@163.com ,
双流新太阳家具厂,,028 85790586 028 85790587
成都吉泰兴和科技有限公司,yinsonglin0805@163.com,?028 66572770 028 83231812?
成都市万全工具贸易有限公司,chinajzw@chinajzw.cn ,028 87636118 028 87633508
成都市武侯区机投五金汽配厂?,,028 87482112 028 87480338
成都电动工具有限责任公司,xltkj@scidc.net,028 87840638 028 87840607
成都万顺达模具零件有限公司,wsdmj@126.com ,?028 84847991 028 84847768?
成都立固制钉有限公司?,,028 83686726/83686156 028 83686422
成都准石贸易有限公司 ,,?028 81703462 028 81703462
成都科海自动化设备有限公司,master@jiaomai.com ,028 67235938/67235897 028 82631106?
成都紫英电子工具厂,whwendu@126.com,028 85651264 028 85651264
成都鑫荣源机电有限公司?,webmaster@westsw.net ,028 83618831 028 83305122
成都鑫利达贸易有限公司,cdtgsteel@163.com ,028 83153933/68588589 028 83151933?
成都市金牛区大峰机电商行,,028 66613119 028 68116252
成都亚西工具厂,sales@yxgj.com ,028 83356998 028 83397343
成都市百诺金属制品有限公司,info@chinaiin.com,0086 28 89260629 0086 28 83617670?
新都区石板滩镇洁康洁具厂,,028 83551105 028 83551105
四川恒通伟业管道有限公司,webmaster@china-men.cn,?028 87690698 028 87690698
成都新志实业有限公司,cdlqgsl@126.com ,028 88432818 028 88432548?
成华区易美家盛厨卫经营部?,,028 66289666 028 83550718?
成都归来机电设备有限公司,13688153946@vip.sina.com ,"028 89979216,87694954 028 87691796"
成都泛洋焊割设备有限公司,fyweld@126.com.com,028 84205558 028 84209818
成华区金立窗饰制品经营部,webmaster@jc315.net,028 83515238 028 83515238
青羊区苏坡乡美凯龙货架厂,huojia699@126.com,028 89847888 028 85775066
成都奇影科技有限责任公司,,028 83290057 028 83290057
成都市金牛区文迪电子经营部,,028 66104769/66152749 028 66804680
成都博年永盛广告展示有限公司?,,?028 87652229 028 87652229
成都崎泰触控科技有限公司?,sarah@skytouch.com.cn ,028 85145901 028 85145902
成都太和电子科技有限公司,houqm@hc360.com,028 85256769 028 85256769
成都盛伯爵营销管理有限公司,,028 86809595 028 87063306?
成都市金牛区腾飞装饰材料店,24571189@qq.com ,?028 83181131 028 83412035?
成都四凯海通达科技有限公司,,?028 85440312 028 85441323?
成都心心相约珠宝有限公司?,tianyeyang@126.com,028 86672155 028 86678115?
成华区宇翔电器设备厂?,hyzled@yahoo.com.cn,028 89905321 028 83500084
成都程鹏布艺厂?,,028 81898386 028 87501078?
成都网大科技有限公司?,jp@cdnat.com ,028 87777784 028 87714577 826
成都普纳多商贸有限责任公司?,webmaster@sczfcg.com ,028 85254951 028 85254952
四川卫盾电子科技有限公司?,webmaster@jc315.net,028 83226758 028 83226758
四川国广礼品工贸有限公司?,gglp.cn@163.com,816 400 8888-890 816 028 87701547?
成都丽虹实业有限公司,zsq@lihongshiye.com ,028 87492716 028 87492726?
重庆迪赛展示设计制作有限公司,,028 85250362
成都新鑫凯歌金属制品有限责任公司,124537118@qq.com ,028 89885518 028 81715319
成都市金牛区玉满萃珠宝经营部?,,028 86675361 028 86675361
华联机械集团有限公司西南分公司?,lyh@chinaccm.com,028 68052753 028 68037517
锦江区永红塑料加工坊?,zhangge630916@yahoo.com.cn,028 81668952?
四川美丰化工股份有限公司射洪分公司,mfsfs@163.com,0825 6685566 0825 6686181
四川兴熙北彩印有限公司?,thcy2008@126.com,028 83182222 028 83401111
成都帝泰科技有限公司 ,yisoubar@163.com,"?028 85493687,85493082,85454442 028 85493089"
成都泽川科技有限公司?,lxjiao2008@yaho.com.cn ,?028 86180899 028 87547001
成都忠鸿科技有限公司?,npwjw@126.com ,?028 87858625 028 87858625
崇州市怀远太粤藤器厂,,028 88887397
成都市武侯区亿车集丽阳汽车装饰店?,,?028 82840511 028 82840811?
成都亿时代礼品印务设计有限公司,yz20@163.com,028 66700868 028 83334898?
成都市金牛区信霖日用品经营部?,,?028 83396056 028 83318868?
成都东冠世珍标识制作工程有限公司,,?028 85739517 028 85739515?
成都方正包装机械有限公司?,66550114@163.com,?028 87641983 028 87641983
四川瑞特服装有限公司,webmaster@humen.com ,028 83592445 028 83592445?
 新都区荣锦塑料包装厂  ,,028 66553804 028 83028289?
成都苍龙包装实业有限公司,,028 83188525 028 83188525?
四川唯宇包装有限责任公司?,scwybz@yahoo.cn ,028 66652858 028 66652883 
青羊区恩兰塑料加工坊,,028 66572843 028 83149185?
成都市申发印刷器材经营部?,,028 66931176 028 83243249
秦锡勇(个体经营),,028 84446067 028 84454012
成都博元印务设计有限公司,by-printing@163.com,028 13198556388 028 85084906?
成都迪奥智能卡开发制作有限公司,,
成都迪奥智能卡开发制作有限公司,shenzhen@chinairn.com,028-85566099 028-85566099
四川科普科技有限责任公司,cnfair@163.com,?028 66885196 028 66885196
牟文周(个体经营）,,028-83188012 0731-4428000
成都北纬三十广告设计制作有限公司?,,028-66719777 028-87536480
成都国涛化工有限公司,webmaster@hqsq028.com,?028 66538966 028 66538966?
四川维奥制药有限公司,info@cnydw.cn,028 85336368-8319 028 85336398
四川美丽健日化有限公司,,028 85310587 028 85738719?
成都狮瑞生物科技有限公司?,llsirui@yahoo.com.cn,028 85733771 028 85733771
四川省国茂科技有限责任公司?,88@955889.com,028 85320050/85320506/85311667 028 85318990
成都新桂工贸有限公司,advise@tz888.cn ,028 66157257 028 66157256?
成都市顺河化工厂,mlszmvkdf@126.com ,028 88790719 028 02888790917?
德阳市旌阳区永高塑料模具厂,yonggaosy@126.com,?028 83151318 028 83137876?
成都飞亚化工有限公司?,net@cheminfo.gov.cn ,028 84130535/84124396 028 84130525/84124296 
成都高新区梦中鞋鞋店,shandonggq@yahoo.com.cn,028 80881953 028 87851109
成都米迪亚商贸有限公司,,028 84608716 028 84608716
成都谷雨服饰有限公司,249912286@qq.com,028 66921955/66657585
成都嘉捷运输服务有限责任公司,wushiminde@sohu.com ,028 85038899 028 85038899
成都市武侯区华锋砂磨材料经营部,TOBY-LI@TOM.COM,028 85046183 028 85027996
成都市志兴机电设备有限公司,fu1122@yeah.net,028 84124544 028 84124544
成都佳运才子服装有限公司?,hongbo@mail.cnhongbo.net,028 86425686 028 86425468
成都市金牛区耘丰斋文化用品经营部(销售部),,028 83211013 028 83211013
青白江区好滋味食品加工厂,root@xsp2.com,028 83258272 028 83258272
段超(个体经营),,028 83375178 028 83381989
四川现代建设机械有限责任公司,cabr_mxd@sina.com,?028 87512116 028 87510683
成都市世宁科技有限公司,lip@autoid-china.com.cn, 028 87775480 028 87768750
成都大西南铁路储运有限公司?,,028 84200025 028 84200025?
四川蓝迪建筑配套设施工程有限公司,,028 84085117 028 84085117?
成都市尚品展览展示有限公司,,028 85130974 028 85130964
成都铭航物流有限责任公司,,028 83662778 028 83662778
成都印象建筑装饰工程有限责任公司,webmaster@hrm.cn,028 85097018
成都易速物流有限公司,efast56@efast56.com,028 66124259 028 66124259?
成都兰翔科技有限公司,ygl1981@gmail.com,028 86665779 028 86723699-802
成都卓尔酒类链式包装有限公司?,serv@tjkx.com,028 85057125 028 85055030
成都格瑞特进出口贸易有限责任公司,cdgreat@yahoo.cn,028 84808282 028 84808291
成都亿天电器设备有限公司,chinawutong@126.com,028 89653899 028 68825288
成都高境商务服务有限公司,service@sohu.net,028 66757588/66562288 028 85555181
成都市三人行物流有限公司,zhoujin152@163.com ,028 66009919 028 83533396
金牛区福气机电经营部,cc.seven@163.com,028 66627758 28 66664923?
成都市武侯区创健科技经营部?,info@ewons.com,?028 89982456
成都市佳创包装设计有限公司,xy315cppc@163.com,028 86385604 028 86385604
成都舒足堂科技有限公司,cdszt@2007.com ,028 65667125/65667155 028 86432759?
四川鑫顺生物科技有限公司,serv@tjkx.com ,028 13980511793
邯郸市长惠食品有限公司,Frui@chbj.net ,?028 85569580
成都天杰有机农业发展有限公司,,?028 66561840 028 85131692
成都市奇格粮食机械制造有限公司?,,028 84206007 028 84206007?
成都药源生物科技有限公司,cyy@cyy114.com,?028 85555502 028 85561200?
成都金堂县山野菌业食品有限公司?,ptvv@163.com,028 84942164 028 84942164
成都西汇科技有限责任公司?,food800@126.com,028 85133976
成都市精诚生化制品有限公司,CN13801018949@hotmail.com ,?028 83932109 028 83932109
四川省农副产品加工技术开发公司成都分公司,postnocn@163.com,028 86752690 028 86781683?
成都双流应天生化厂,yt@cdyingtian.com,028 84330342 028 85784558
四川高福记食品有限公司,serv@tjkx.com,?028 85160413 028 85141748?
四川中弘天然药物有限责任公司,kefu@chinafmn.com,028 85502309/85502639 028 85501178
四川省砚山中药饮片有限公司,cnyszy@gmail.com ,028 66634668 028 83148453
金牛区威君电子产品经营部,,?028 80635372 028 66126771
隆盛电器,zp@lhrc.cn,028 86788679 028 86788679
成都前锋电热器具有限责任公司,gangfu@126.com ,028 87988563 028 87988845
四川奥美厨房设备有限公司,aomei@scaomei.com ,028 87506752 028 87517849
金牛区护康家用电器经营部?,,?028 66564200 028 68891200?
成都市帕信科技有限责任公司,,028 81562383 028 81562383
金牛区富华酒店用品经营部,24571189@qq.com ,?028 88015834 028 83112959
成都蓉东机械汽配有限公司,,?028 85910753 028 85910753
成都诺优环保科技有限公司,66550114@163.com,028 86865088 028 87544998
成都大发电器市场美声麦克风,e-night@oh.yeah.yeah.com,?028 83227364 028 66803716
金牛区华润厨具厂,24571189@qq.com,028 83420500 028 83420500
成都伊瑞净化设备有限公司,jazzbeetle@yahoo.cn ,028 87318990 028 87316620
金牛区怡诚电器经营部,,?028 83223018 028 66803691?
成都市武侯区华信电器网络科技服务部,wanguanrs@yahoo.com ,?028 87012483 028 87038569?
成都恒宝贸易有限公司?,shiteng588@163.com,028 85155192 028 85155192
金牛区龙氏日杂商店,webmaster@jc315.net,028 83336805 028 83388144
成都市金牛区鸿火太阳能电器经营部?,,028 66570761 028 68263901
成都鼎晋科贸有限公司,webmaster@sczfcg.com,028 85259063?
成都高新区艺家家用电器研发有限公司,,028 88176307 028 83230811
成华区欧烨厨卫生活电器经营部,,028 83387829 028 83387822
成都市川沼科技有限公司,chuanz@chuanz.cn,028 89518328 028 84210718
重庆光伏科技发展有限公司四川分公司,cnfair@163.com ,?028 66622392 028 66622380
四川希雅科技有限公司,cdhr1422@126.com,028 65816373 028 65816373?
金牛区中英莱特电器销售部?,info@sinodoors.com,028 83255920 028 83361748
?028 81278918 028 81278918?,sc-gl@163.com ,?028 81278918 028 81278918?
成都市金牛区白雪公主无纺布制品厂,wchaoxue@vip.sina.com,028 83078268 028 83068218
成都宏达龙头实业有限公司,sd-hr@163.com ,028 83140478 028 83140478
金牛区敏锐电器商行,,028 66478438 028 83221988?
成都睿哲商贸有限公司?,info@china-richland.com,?028 84325544 028 84325511
成都康宇医用设备工程有限公司,lwieun2008@sina.com ,028 66335801 028 66335801
成都市金牛区世创音响器材经营部,,028 65653325 028 83226516
成都佳威嘉科技有限公司,webmaster@hrm.cn,0159 82452628?
四川双流天利民橡胶有限公司,cfw@028mall.com,028 85850251 028 85859241?
成都绿景科贸发展有限公司,ljkm@ljkm.cn,028 87576922 028 87576922?
四川中邦模具有限公司,zb_mould@126.com ,028 66848866/67/68 028 84861522
成都新元汇成材料工程有限公司,,028 66166867 028 82783222?
成都市美艺亚克力有机玻璃制品厂?,,?028 87636456 028 87635456
成都乐天塑料有限公司,net@cheminfo.gov.cn,?028 85182892 028 85161483?
成都市成华区广成塑料造料加工组,,028 84206992 028 84201663
成都市楠昂化工有限公司,gsb@zzb.com.cn,028 82471877 028 82470417
成都市武侯区簇桥橡胶制品厂,,028 85013210 028 85014806
成都神通轮胎销售有限公司,luntai@luntaifuwu.com,028 83512829 028 68031891
四川海通化工有限责任公司,guofu@gfhg.cn,028 85915884?
重庆宏高塑料机械有限公司成都分公司,,028 84313051 028 84313251
金牛区凌辉滤网经销部,serv@tjkx.com,?028 87680158 028 87692879?
成都维博机械有限公司 ,pxjh@sohu.com,028 83072131 028 8724092
四川省论道经贸有限责任公司,lundao2007@126.com,028 87337444 028 87337444
成都博研物资贸易有限公司,xuguang@xuguang.com ,?028 87691436 028 87630056?
双流县全良木制品厂?,Huanglover@163.Com,028 85633470 028 85913301
金牛区天力士橡胶制品经营部?,,028 87682861 028 66646593
成都航天万欣科技有限公司?,fu1122@yeah.net ,?028 84805505 028 84807982?
成都作品集汽车配件有限公司,postmaster@ctpi.cn,028 83511070 028 82826680
四川锦城建筑机械有限责任公司,jc@scjcjj.com,028 87514548 028 87507248
四川港宏车辆贸易有限公司,webmaster@sczfcg.com,028 87630032 028 87618844?
四川建设机械(集团)股份有限公司,scjsjx@163.com ,028 86472036 028 83111429
四川鑫荣创输送机械有限公司,,028 80919909 028 85368801
成都红光机械制造有限公司,zhaoran43@yahoo.com.cn,?028 83961318 028 83965165
成都市成华区金格尔电动车服务行?,,028 66355955 028 66355955
四川省信广科技有限责任公司,service_2008@chinamet.com ,028 85564386 028 85564586
成都虎跃机电设备有限公司?,,028 87701098 028 87654099
成都陵川常友汽车部件制造有限公司,,?028 84639031 028 84639031
成都市金牛区昭艺玻璃钢厂,cdboligang@163.com,028 87510444 028 87510444
成都盛名科技有限公司,coroo@coroo.net,?028 85544886 028 85544886
成都市中州起重机械有限公司,13688153946@vip.sina.com ,028 83584548 028 83584549
四川至信科技有限公司?,sczxkj@alibaba.com.cn ,?028 87700212 028 87682577
四川科泰智能电子有限公司,ket@cortoi.com,028 85452903-8038 028 85452903-8001?
成都西线越野汽车租赁有限公司,bianjie98@163.com,028 85050113 028 85056325
成都市奥思特边坡防护有限责任公司?,ostzhaopin@126.com,028 86916685 028 86916581
四川新安达交通设施有限公司,CQjob@163.com,028 83603001 028 83603001?
成都齐荣达物资有限公司,13688153946@vip.sina.com,028 66625957/87632500 028 87632500
成都市心齐货物运输有限公司,Kqchendu@mail.sc.cninfo.net,028 89917381 028 66124097
四川强力建筑机械有限公司,lmxz@molss.gov,?028 87765996 028 87769616
成都古龙旅游产品开发有限公司,rzdzw@163.com,028 66837383 028 87701269
四川佩克展示制作工程有限公司,xuping498@163.com,028 85365536 028 85365440
蜀韵乌木,wenhuizhai@163.com,028 80633806?
上虞市百官鑫泰工艺品厂?,xt.88888@163.com,?028 87334788 028 87766891?
成都市青羊区吉绣工艺品加工坊,webmaster@sinoef.com,028 87310058/88052840 028 87310058
成都大维科技发展有限公司,cddw@vip.sina.com,?028 86634148 028 86648667?
成都市金牛区力达利钟表配件厂?,scleader@163.com,028 87503975 028 87503975
成都圣地雅客食品有限公司,food800@126.com,028 80917809 028 85765311
成都典雅科技有限公司,793189956@qq.com ,028 66427928 028 66042466-88
成都市金万茂瓷业有限公司,,0833 5839888 0833 5839888
成都万年青环境艺术有限公司,snbbc@snbbc.com ,028 88872848 028 82678488?
成都市金牛区恒隆地拖厂,,?028 81868068 028 83576095
成都市新都区金都沙发厂,,?028 83944883 028 83944883
新都区斑竹园镇屹恺木制品厂,junc@263.net,028 85450348-606 028 85459536?
成都美鱼王水族工艺厂,,028 85801679 028 85801679?
成都市双流九环龙家具厂,,028 85790015 028 85790015
锦江区特莱威家私厂?,,028 85911263 028 85918266
成都市武侯区鼎丰家具厂,cddfjj@yaho.cn ,028 85200026 028 85200026
成都正妆化妆品有限公司,sjw028@yahoo.cn,028 83187138 028 83357058
成都君正厨房设备有限责任公司,cdjz8@163.com,028 87075502 028 87075501?
成都顺发消洗科技有限公司?,cdshunfa@163.com,028 85911572 028 84529018
成都赛维芦荟制品有限公司?,it114@mx.cei.gov.cn,028 86715521 028 85190904
成都市武候区新洁雅电子电器加工厂,jieya@126.com,"028 81933907,87022869,13881756285 028 66751919-1088"
成都瑶蒸堂科技有限公司,cgqkj@163.com,?028 66899755 028 66899756
成都前宏通讯有限责任公司,wu@163.com ,028 83080766 028 83083068
成都星宇节能技术股份有限公司,labview@vihome.com.cn,028 85171589 028 85186222
四川普雷塞林科技发展有限公司,,?028 86032503 028 86032503
成都市青羊区立新通讯器材经营部,yinxiangyinxiang@sina.com,028 88176466 028 86629573
成都绿源电子有限公司,fubao@f139.com ,028 84638758 028 84638796
成都市瑞发通讯器材有限公司?,office@cdruifa.com,028 87075933 028 87071138
成都市武侯区蓝博电子经营部,,028 66860897 028 85435479
四川盟宝实业有限公司,info@cdqy.com,028 87773888 028 87773888
成都杉杉通讯设备有限公司,,028 86780588 028 86620855?
四川爱维奇科技有限公司,newliner0708@163.com,028 86154930
四川丰创科贸有限公司?,baihyxa@hotmail.com ,?028 84345898 028 66751946?
成都从众科技有限责任公司,winhorse@126.com,028 85108266 028 85108266-608?
四川通全信息科技有限公司,xnvavaa@126.com ,028 86653732 028 86653732
成都市金牛区金华小家电商店?,,028 82902715 028 82902715?
成都市深成微电子工贸部,,028 66152749 028 66152749?
成都亿成电气自动化设备有限公司?,power@poweritem.cn,028 87773537-806 028 87767770
成都天坤电池有限公司   ,fu1122@yeah.net,?028 66918090 028 85222401?
成都市众程科技有限公司,sjw028@yahoo.cn ,028 85580428 028 85574212
成都联普信息科技有限公司,webmaster@315safe.com ,028 66806811 028 66806877
成都市佳顺源科技有限责任公司,zhukeru@bx98.com,0871 8091608 0871 8091608
成都科美华科技发展有限公司,,028 84337803 028 84339523
成都高新区精心电子厂,tony168cn@gmail.com ,028 85251965 028 85251965
成都金冠同利系统集成有限公司?,,028 82807789 028 82807801
成都拓宇电气控制工程有限公司,,028 87462055//87467298 028 87467298
成都科宏达实业发展有限公司?,Info@pencity.com.cn,"028 87079083,87079087,87079081 028 87079085"
成都步高机电设备有限公司,web@zx185.com,?028 86418972 028 68146401?
成都其昌节水器具研究所,web@ldmet.com,?028 88297406 028 88283550?
四川金翔环保科技有限公司,11223344@qq.com,?028 83150133 028 83150133
成都市华强三洋电器科技有限责任公司?,yongan55@foxmail.com ,?028 68065344/83235462 028 83235462
龙泉驿区龙泉街办伊海五金机械经营部,Server@cmt365.com ,028 84804183 028 84804183
成都亿博达科技有限公司技术分公司?,,"028 66803740,66804712,68126632 028 86915879"
成都金建源节能有限公司,,028 86864288 028 85361156
成都鑫立新电器成套设备厂,scwq@jicha.com.cn,028 83949513 028 83949513 
